index,reference,startpos,ref length,number of reads,covbases,pc coverage,meandepth,meanbaseq,meanmapq,taxid,superkingdom,kingdom,phylum,class,order,family,genus,species,mean,sd,Coefficient of Variance,pcreads
0,NR_024640.1,1,1422,85,1422,100.0,82.4346,19.6,11.2,61645,Bacteria,unclassified Bacteria kingdom,Pseudomonadota,Gammaproteobacteria,Enterobacterales,Enterobacteriaceae,Enterobacter,Enterobacter asburiae,82.43459915611814,3.5763146571698488,0.0433836604263323,0.6
1,NR_024829.1,1,1447,1,1158,80.0276,0.800276,17.1,1.0,253314,Bacteria,unclassified Bacteria kingdom,Bacillota,Clostridia,Eubacteriales,Oscillospiraceae,Acetivibrio,Acetivibrio straminisolvens,0.8002764340013822,0.39979252517201075,0.4995680344765972,0.01
2,NR_025230.1,1,1411,5,1406,99.6456,4.75053,17.9,8.0,187326,Bacteria,unclassified Bacteria kingdom,Bacillota,Negativicutes,Veillonellales,Veillonellaceae,Megasphaera,Megasphaera micronuciformis,4.7505315379163715,0.6576093880579222,0.13842859116063377,0.04
4,NR_025514.1,1,1518,1283,1508,99.3412,1194.88,18.2,25.9,158847,Bacteria,unclassified Bacteria kingdom,Bacillota,Negativicutes,Selenomonadales,Selenomonadaceae,Megamonas,Megamonas hypermegale,1194.8774703557312,203.5688972361143,0.17036801034963783,9.11
5,NR_025525.1,1,1475,19,1453,98.5085,17.9024,18.9,41.1,185008,Bacteria,unclassified Bacteria kingdom,Bacillota,Clostridia,Lachnospirales,Lachnospiraceae,Butyrivibrio,Butyrivibrio hungatei,17.902372881355934,2.866278718385218,0.16010607852829645,0.13
6,NR_025567.1,1,1498,43,1477,98.5981,40.239,18.8,7.09,208479,Bacteria,unclassified Bacteria kingdom,Bacillota,Clostridia,Lachnospirales,Lachnospiraceae,Enterocloster,Enterocloster bolteae,40.23898531375167,7.305668522583528,0.18155697678805077,0.31
8,NR_025796.1,1,1435,1,1280,89.1986,0.891986,16.7,1.0,259063,Bacteria,unclassified Bacteria kingdom,Bacillota,Clostridia,Lachnospirales,Lachnospiraceae,Anaerocolumna,Anaerocolumna jejuensis,0.89198606271777,0.31039801325881555,0.34798527267687523,0.01
9,NR_025904.1,1,1536,1,1455,94.7266,0.947266,23.0,1.0,29391,Bacteria,unclassified Bacteria kingdom,Bacillota,Bacilli,Bacillales,Gemellaceae,Gemella,Gemella morbillorum,0.947265625,0.22350270846985137,0.23594512729188433,0.01
10,NR_025981.1,1,1477,6,1449,98.1043,5.48341,18.4,11.7,831,Bacteria,unclassified Bacteria kingdom,Bacillota,Clostridia,Lachnospirales,Lachnospiraceae,Butyrivibrio,Butyrivibrio fibrisolvens,5.483412322274882,1.2399476919907633,0.2261270207519888,0.04
11,NR_026030.1,1,1466,1,1429,97.4761,0.974761,20.7,1.0,51048,Bacteria,unclassified Bacteria kingdom,Pseudomonadota,Gammaproteobacteria,Pasteurellales,Pasteurellaceae,Actinobacillus,Actinobacillus porcinus,0.9747612551159618,0.15684945215306678,0.1609106346090944,0.01
12,NR_026100.1,1,1499,33,1455,97.0647,30.7672,19.3,3.42,1286362,Bacteria,unclassified Bacteria kingdom,Bacillota,Clostridia,Lachnospirales,Lachnospiraceae,Lacrimispora,Lacrimispora celerecrescens,30.767178118745832,6.016086128358763,0.1955358435908453,0.23
13,NR_026106.1,1,1489,1,1316,88.3815,0.883815,19.3,1.0,29322,Bacteria,unclassified Bacteria kingdom,Bacillota,Clostridia,Eubacteriales,Eubacteriaceae,Eubacterium,[Eubacterium] cellulosolvens,0.8838146406984554,0.3204470651847458,0.3625727052128317,0.01
14,NR_026312.1,1,1482,12,1446,97.5709,10.137,18.2,7.25,180164,Bacteria,unclassified Bacteria kingdom,Bacillota,Clostridia,Lachnospirales,Lachnospiraceae,Blautia,Blautia schinkii,10.13697705802969,3.187059874852919,0.3143994364995025,0.09
15,NR_026314.1,1,1458,1,1277,87.5857,0.875857,17.3,21.0,53443,Bacteria,unclassified Bacteria kingdom,Bacillota,Clostridia,Lachnospirales,Lachnospiraceae,Blautia,Blautia hydrogenotrophica,0.8758573388203018,0.329744235514319,0.37648167218471185,0.01
16,NR_026330.1,1,1474,4,1440,97.6934,3.73134,18.2,12.0,53442,Bacteria,unclassified Bacteria kingdom,Bacillota,Clostridia,Eubacteriales,Eubacteriaceae,Eubacterium,Eubacterium callanderi,3.7313432835820897,0.75742007486535,0.2029885800639138,0.03
17,NR_026331.1,1,1488,94,1488,100.0,89.7258,19.2,8.5,623,Bacteria,unclassified Bacteria kingdom,Pseudomonadota,Gammaproteobacteria,Enterobacterales,Enterobacteriaceae,Shigella,Shigella flexneri,89.7258064516129,11.666747187671195,0.13002666288614312,0.67
18,NR_026332.1,1,1487,3,1462,98.3188,2.87693,18.6,4.67,622,Bacteria,unclassified Bacteria kingdom,Pseudomonadota,Gammaproteobacteria,Enterobacterales,Enterobacteriaceae,Shigella,Shigella dysenteriae,2.8769334229993273,0.470000369449182,0.16336852486464087,0.02
19,NR_026409.1,1,1495,11,1474,98.5953,10.3298,19.1,2.82,29370,Bacteria,unclassified Bacteria kingdom,Bacillota,Clostridia,Lachnospirales,Lachnospiraceae,Lacrimispora,Lacrimispora sphenoides,10.329765886287625,1.7937881326743152,0.17365235112012573,0.08
20,NR_026493.1,1,1488,18,1462,98.2527,17.1142,19.8,2.06,69825,Bacteria,unclassified Bacteria kingdom,Bacillota,Clostridia,Lachnospirales,Lachnospiraceae,Lacrimispora,Lacrimispora indolis,17.114247311827956,2.767245286647188,0.1616924914211504,0.13
21,NR_027196.1,1,1342,1,1117,83.234,0.83234,22.2,1.0,449673,Bacteria,unclassified Bacteria kingdom,Bacteroidota,Bacteroidia,Bacteroidales,Bacteroidaceae,Bacteroides,Bacteroides stercoris,0.8323397913561847,0.3735642690104721,0.4488122193483023,0.01
22,NR_027549.1,1,1473,4,1451,98.5064,3.67957,16.9,6.25,585054,Bacteria,unclassified Bacteria kingdom,Pseudomonadota,Gammaproteobacteria,Enterobacterales,Enterobacteriaceae,Escherichia,Escherichia fergusonii,3.6795655125594027,0.7062685677812124,0.1919434686977354,0.03
24,NR_028682.1,1,1538,3,1467,95.3836,2.68531,20.8,50.0,137732,Bacteria,unclassified Bacteria kingdom,Bacillota,Bacilli,Lactobacillales,Carnobacteriaceae,Granulicatella,Granulicatella elegans,2.685305591677503,0.7201754890040563,0.2681912595855299,0.02
25,NR_028812.1,1,1408,1,982,69.7443,0.697443,16.1,1.0,156456,Bacteria,unclassified Bacteria kingdom,Bacillota,Negativicutes,Veillonellales,Veillonellaceae,Anaeroglobus,Anaeroglobus geminatus,0.6974431818181818,0.4593649855545277,0.6586414456830704,0.01
26,NR_028862.1,1,1537,13,1533,99.7398,12.2557,18.5,59.3,209880,Bacteria,unclassified Bacteria kingdom,Bacillota,Negativicutes,Veillonellales,Veillonellaceae,Allisonella,Allisonella histaminiformans,12.25569290826285,2.082319018895988,0.16990626596820796,0.09
27,NR_029097.1,1,1374,197,1324,96.361,180.561,19.3,2.19,237576,Bacteria,unclassified Bacteria kingdom,Bacillota,Clostridia,Lachnospirales,Lachnospiraceae,Oribacterium,Oribacterium sinus,180.56113537117903,39.69478134048251,0.21984122584786617,1.4
28,NR_029171.1,1,1484,1,1423,95.8895,0.958895,19.8,40.0,714,Bacteria,unclassified Bacteria kingdom,Pseudomonadota,Gammaproteobacteria,Pasteurellales,Pasteurellaceae,Aggregatibacter,Aggregatibacter actinomycetemcomitans,0.9588948787061995,0.19853334807336967,0.2070439132402534,0.01
29,NR_029207.1,1,1426,3,1391,97.5456,2.82749,20.0,3.0,907,Bacteria,unclassified Bacteria kingdom,Bacillota,Negativicutes,Veillonellales,Veillonellaceae,Megasphaera,Megasphaera elsdenii,2.8274894810659186,0.5676916253091617,0.2007758575622184,0.02
30,NR_029356.1,1,1550,63,1461,94.2581,57.0845,19.2,14.6,292800,Bacteria,unclassified Bacteria kingdom,Bacillota,Clostridia,Eubacteriales,Oscillospiraceae,Flavonifractor,Flavonifractor plautii,57.08451612903226,14.842178963304955,0.2600035871330871,0.45
31,NR_036800.1,1,1481,186,1471,99.3248,175.475,18.9,46.7,411470,Bacteria,unclassified Bacteria kingdom,Bacillota,Clostridia,Lachnospirales,Lachnospiraceae,Mediterraneibacter,Mediterraneibacter gnavus,175.47535449020933,26.3023421169394,0.1498919446172536,1.32
32,NR_036928.1,1,1431,3,1418,99.0915,2.8218,14.9,3.0,154046,Bacteria,unclassified Bacteria kingdom,Bacillota,Clostridia,Lachnospirales,Lachnospiraceae,Hungatella,Hungatella hathewayi,2.8218029350104823,0.4784377590946489,0.16955037970887632,0.02
33,NR_037068.1,1,1441,2,1417,98.3345,1.88133,17.8,1.0,29375,Bacteria,unclassified Bacteria kingdom,Bacillota,Clostridia,Lachnospirales,Lachnospiraceae,Lacrimispora,Lacrimispora xylanolytica,1.8813324080499654,0.3713432318219204,0.19738310477882232,0.01
34,NR_037088.1,1,1453,4,1436,98.83,3.79353,19.1,8.25,76122,Bacteria,unclassified Bacteria kingdom,Bacteroidota,Bacteroidia,Bacteroidales,Prevotellaceae,Alloprevotella,Alloprevotella tannerae,3.793530626290434,0.6005613271759547,0.15831197539670938,0.03
35,NR_040866.1,1,1425,16,1410,98.9474,14.8084,18.8,5.88,820,Bacteria,unclassified Bacteria kingdom,Bacteroidota,Bacteroidia,Bacteroidales,Bacteroidaceae,Bacteroides,Bacteroides uniformis,14.808421052631578,2.01410795149082,0.13601098620388677,0.11
36,NR_041277.1,1,1490,696,1489,99.9329,650.209,18.6,56.2,484018,Bacteria,unclassified Bacteria kingdom,Bacteroidota,Bacteroidia,Bacteroidales,Bacteroidaceae,Phocaeicola,Phocaeicola plebeius,650.2093959731544,109.48962951859129,0.16839133700109102,4.94
37,NR_041313.1,1,1485,1,1373,92.4579,0.924579,17.7,21.0,338188,Bacteria,unclassified Bacteria kingdom,Bacteroidota,Bacteroidia,Bacteroidales,Bacteroidaceae,Bacteroides,Bacteroides finegoldii,0.9245791245791246,0.2640692465464773,0.28561021931647396,0.01
38,NR_041342.1,1,1488,25,1454,97.7151,23.4247,18.2,27.1,823,Bacteria,unclassified Bacteria kingdom,Bacteroidota,Bacteroidia,Bacteroidales,Tannerellaceae,Parabacteroides,Parabacteroides distasonis,23.4247311827957,4.06082532831593,0.17335632569813245,0.18
39,NR_041343.1,1,1492,148,1474,98.7936,138.615,19.2,50.6,46503,Bacteria,unclassified Bacteria kingdom,Bacteroidota,Bacteroidia,Bacteroidales,Tannerellaceae,Parabacteroides,Parabacteroides merdae,138.6152815013405,23.683927022001516,0.1708608658834811,1.05
40,NR_041351.1,1,1493,26,1455,97.4548,23.6015,18.3,12.1,357276,Bacteria,unclassified Bacteria kingdom,Bacteroidota,Bacteroidia,Bacteroidales,Bacteroidaceae,Phocaeicola,Phocaeicola dorei,23.601473543201607,4.71802892010649,0.1999039980054769,0.18
41,NR_041446.1,1,1456,33,1454,99.8626,30.6902,18.0,3.33,376804,Bacteria,unclassified Bacteria kingdom,Bacteroidota,Bacteroidia,Bacteroidales,Bacteroidaceae,Phocaeicola,Phocaeicola barnesiae,30.690247252747252,4.3511162448535785,0.14177520985804656,0.23
42,NR_041461.1,1,1492,5,1433,96.0456,4.04424,15.5,7.6,387090,Bacteria,unclassified Bacteria kingdom,Bacteroidota,Bacteroidia,Bacteroidales,Bacteroidaceae,Phocaeicola,Phocaeicola coprophilus,4.044235924932976,1.3415109995947831,0.3317093820675201,0.04
43,NR_041464.1,1,1492,1,1342,89.9464,0.899464,14.7,1.0,387661,Bacteria,unclassified Bacteria kingdom,Bacteroidota,Bacteroidia,Bacteroidales,Tannerellaceae,Parabacteroides,Parabacteroides johnsonii,0.8994638069705094,0.3007135961685587,0.3343253990189937,0.01
44,NR_041508.1,1,1461,6,1386,94.8665,5.4271,18.1,1.0,397865,Bacteria,unclassified Bacteria kingdom,Bacteroidota,Bacteroidia,Bacteroidales,Barnesiellaceae,Barnesiella,Barnesiella viscericola,5.427104722792608,1.4447352208279467,0.26620736002391604,0.04
45,NR_041590.1,1,1342,2901,1310,97.6155,2678.86,19.5,14.5,742816,Bacteria,unclassified Bacteria kingdom,Bacillota,Negativicutes,Selenomonadales,Selenomonadaceae,Megamonas,Megamonas funiformis,2678.8614008941877,584.1104821058564,0.2180443086420536,20.6
46,NR_041668.1,1,1484,4,1454,97.9784,3.8531,19.9,0.0,742726,Bacteria,unclassified Bacteria kingdom,Bacteroidota,Bacteroidia,Bacteroidales,Barnesiellaceae,Barnesiella,Barnesiella intestinihominis,3.853099730458221,0.6131838507313845,0.15914040477183886,0.03
47,NR_042007.1,1,1454,1,1262,86.795,0.86795,16.3,1.0,622312,Bacteria,unclassified Bacteria kingdom,Bacillota,Clostridia,Lachnospirales,Lachnospiraceae,Roseburia,Roseburia inulinivorans,0.8679504814305364,0.33854459560748645,0.39005058796615316,0.01
48,NR_042008.1,1,1485,1,1154,77.7104,0.777104,13.8,1.0,585394,Bacteria,unclassified Bacteria kingdom,Bacillota,Clostridia,Lachnospirales,Lachnospiraceae,Roseburia,Roseburia hominis,0.7771043771043771,0.41618885639766523,0.5355636496971689,0.01
49,NR_042152.1,1,1456,4,1437,98.6951,3.54121,17.4,0.5,168384,Bacteria,unclassified Bacteria kingdom,Bacillota,Clostridia,Lachnospirales,Lachnospiraceae,Marvinbryantia,Marvinbryantia formatexigens,3.541208791208791,0.912191341944385,0.2575932106033795,0.03
50,NR_042349.1,1,1513,40,1479,97.7528,35.3794,17.9,5.5,299767,Bacteria,unclassified Bacteria kingdom,Pseudomonadota,Gammaproteobacteria,Enterobacterales,Enterobacteriaceae,Enterobacter,Enterobacter ludwigii,35.37937871777925,8.022532569425401,0.22675730496629176,0.28
51,NR_042499.1,1,1368,1,1319,96.4181,0.964181,18.2,1.0,657309,Bacteria,unclassified Bacteria kingdom,Bacteroidota,Bacteroidia,Bacteroidales,Bacteroidaceae,Bacteroides,Bacteroides xylanisolvens,0.9641812865497076,0.18583792190255083,0.19274168094214522,0.01
52,NR_042745.1,1,1493,15,1454,97.3878,13.9732,18.4,0.333,204516,Bacteria,unclassified Bacteria kingdom,Bacteroidota,Bacteroidia,Bacteroidales,Bacteroidaceae,Phocaeicola,Phocaeicola massiliensis,13.973208305425318,2.5178436659570966,0.18019080592819217,0.11
53,NR_042832.1,1,1456,2,1445,99.2445,1.92445,19.5,8.0,301302,Bacteria,unclassified Bacteria kingdom,Bacillota,Clostridia,Lachnospirales,Lachnospiraceae,Roseburia,Roseburia faecis,1.9244505494505495,0.29146461394312717,0.1514534182373994,0.01
54,NR_042900.1,1,1367,1,1158,84.711,0.84711,14.3,1.0,259840,Bacteria,unclassified Bacteria kingdom,Bacillota,Negativicutes,Selenomonadales,Selenomonadaceae,Pectinatus,Pectinatus portalensis,0.8471104608632041,0.3598809913837277,0.42483360554538496,0.01
55,NR_043016.1,1,1419,40,1418,99.9295,38.2974,18.2,6.65,291644,Bacteria,unclassified Bacteria kingdom,Bacteroidota,Bacteroidia,Bacteroidales,Bacteroidaceae,Bacteroides,Bacteroides salyersiae,38.29739252995067,2.6616187712919164,0.06949869417899363,0.28
56,NR_043142.1,1,1465,31,1448,98.8396,29.4082,19.4,10.5,292800,Bacteria,unclassified Bacteria kingdom,Bacillota,Clostridia,Eubacteriales,Oscillospiraceae,Flavonifractor,Flavonifractor plautii,29.408191126279863,3.524841313348712,0.11985916774727534,0.22
57,NR_043224.1,1,1455,19,1454,99.9313,17.8378,18.5,0.105,305719,Bacteria,unclassified Bacteria kingdom,Bacteroidota,Bacteroidia,Bacteroidales,Prevotellaceae,Segatella,Segatella baroniae,17.837800687285224,2.3946849741088716,0.13424777056825182,0.13
58,NR_043656.1,1,1540,1,1416,91.9481,0.919481,14.1,1.0,349094,Bacteria,unclassified Bacteria kingdom,Bacillota,Negativicutes,Veillonellales,Veillonellaceae,Megasphaera,Megasphaera sueciensis,0.9194805194805195,0.27209574376743567,0.2959233371481998,0.01
59,NR_043657.1,1,1553,115,1532,98.6478,103.302,18.0,12.4,349095,Bacteria,unclassified Bacteria kingdom,Bacillota,Negativicutes,Veillonellales,Veillonellaceae,Megasphaera,Megasphaera paucivorans,103.30199613650998,23.243210916528355,0.22500253417962285,0.82
60,NR_043658.1,1,1535,1,1345,87.6221,0.876221,16.1,10.0,349096,Bacteria,unclassified Bacteria kingdom,Bacillota,Negativicutes,Selenomonadales,Selenomonadaceae,Pectinatus,Pectinatus haikarae,0.8762214983713354,0.3293286871246221,0.37585095519427136,0.01
61,NR_043681.1,1,1420,1,1312,92.3944,0.923944,15.0,1.0,358743,Bacteria,unclassified Bacteria kingdom,Bacillota,Clostridia,Lachnospirales,Lachnospiraceae,Enterocloster,Enterocloster citroniae,0.923943661971831,0.2650882333750661,0.2869095208785014,0.01
62,NR_044049.1,1,1440,3,1432,99.4444,2.76042,15.7,9.33,33043,Bacteria,unclassified Bacteria kingdom,Bacillota,Clostridia,Lachnospirales,Lachnospiraceae,Coprococcus,Coprococcus eutactus,2.7604166666666665,0.5219779090153085,0.18909388402064006,0.02
63,NR_044289.1,1,1454,1,1383,95.1169,0.951169,16.6,1.0,460384,Bacteria,unclassified Bacteria kingdom,Bacillota,Clostridia,Lachnospirales,Lachnospiraceae,Enterocloster,Enterocloster lavalensis,0.9511691884456671,0.2155141837496476,0.2265781801677423,0.01
64,NR_044473.1,1,1399,173,1399,100.0,159.734,17.6,5.38,491921,Bacteria,unclassified Bacteria kingdom,Bacillota,Negativicutes,Selenomonadales,Selenomonadaceae,Megamonas,Megamonas rupellensis,159.73409578270193,18.508987512825755,0.11587374268549963,1.23
65,NR_044657.2,1,1470,42,1443,98.1633,37.1354,19.1,40.2,2153,Bacteria,unclassified Bacteria kingdom,Mycoplasmatota,Mollicutes,Anaeroplasmatales,Anaeroplasmataceae,Asteroleplasma,Asteroleplasma anaerobium,37.13537414965987,8.853073586887344,0.23840001049157147,0.3
66,NR_044688.3,1,1456,8,1429,98.1456,7.61951,19.4,9.62,852,Bacteria,unclassified Bacteria kingdom,Fusobacteriota,Fusobacteriia,Fusobacteriales,Fusobacteriaceae,Fusobacterium,Fusobacterium perfoetens,7.6195054945054945,1.199016894670827,0.15736151060399534,0.06
67,NR_044715.2,1,1476,1,1395,94.5122,0.945122,14.9,5.0,1531,Bacteria,unclassified Bacteria kingdom,Bacillota,Clostridia,Lachnospirales,Lachnospiraceae,Enterocloster,Enterocloster clostridioformis,0.9451219512195121,0.22774206581686834,0.24096579867075105,0.01
68,NR_044977.1,1,1495,1,1347,90.1003,0.901003,20.0,0.0,69218,Bacteria,unclassified Bacteria kingdom,Pseudomonadota,Gammaproteobacteria,Enterobacterales,Enterobacteriaceae,Enterobacter,Enterobacter cancerogenus,0.9010033444816054,0.29865752579596266,0.3314721611469667,0.01
69,NR_074376.1,1,1497,66,1456,97.2612,61.0267,19.0,31.0,435591,Bacteria,unclassified Bacteria kingdom,Bacteroidota,Bacteroidia,Bacteroidales,Tannerellaceae,Parabacteroides,Parabacteroides distasonis,61.026720106880425,11.549461788283239,0.189252540003065,0.47
70,NR_074515.1,1,1510,110,1475,97.6821,101.787,19.3,20.5,435590,Bacteria,unclassified Bacteria kingdom,Bacteroidota,Bacteroidia,Bacteroidales,Bacteroidaceae,Phocaeicola,Phocaeicola vulgatus,101.78741721854304,20.931435861797077,0.20563873643493835,0.78
71,NR_074634.1,1,1521,1,1325,87.1137,0.871137,16.5,1.0,515619,Bacteria,unclassified Bacteria kingdom,Bacillota,Clostridia,Lachnospirales,Lachnospiraceae,Agathobacter,Agathobacter rectalis,0.871137409598948,0.33504779240607324,0.38460957905633014,0.01
72,NR_074902.1,1,1542,24,1484,96.2387,22.1128,19.1,0.708,585054,Bacteria,unclassified Bacteria kingdom,Pseudomonadota,Gammaproteobacteria,Enterobacterales,Enterobacteriaceae,Escherichia,Escherichia fergusonii,22.11284046692607,5.17052693069925,0.23382463860455874,0.17
73,NR_102852.1,1,1519,1,1275,83.9368,0.839368,16.8,1.0,84030,Bacteria,unclassified Bacteria kingdom,Bacillota,Clostridia,Lachnospirales,Lachnospiraceae,Lacrimispora,Lacrimispora saccharolytica,0.8393680052666228,0.36719117228135173,0.437461482898332,0.01
74,NR_102893.1,1,1537,5,1476,96.0312,4.41965,17.5,3.2,43305,Bacteria,unclassified Bacteria kingdom,Bacillota,Clostridia,Lachnospirales,Lachnospiraceae,Butyrivibrio,Butyrivibrio proteoclasticus,4.419648666232921,1.2137593863436842,0.2746280254394587,0.04
75,NR_102980.1,1,1552,205,1525,98.2603,188.262,19.2,2.5,1064535,Bacteria,unclassified Bacteria kingdom,Bacillota,Negativicutes,Veillonellales,Veillonellaceae,Megasphaera,Megasphaera elsdenii,188.26224226804123,41.66289193088261,0.22130243127331092,1.46
76,NR_104684.1,1,1493,1,1392,93.2351,0.932351,20.0,13.0,887325,Bacteria,unclassified Bacteria kingdom,Bacillota,Clostridia,Lachnospirales,Lachnospiraceae,Lachnoanaerobaculum,Lachnoanaerobaculum saburreum,0.9323509711989283,0.25114266404445057,0.2693649406741126,0.01
77,NR_104700.1,1,1493,5,1454,97.3878,4.47622,18.6,1.0,1532,Bacteria,unclassified Bacteria kingdom,Bacillota,Clostridia,Lachnospirales,Lachnospiraceae,Blautia,Blautia coccoides,4.47622237106497,1.0827781409226858,0.24189552063408198,0.04
78,NR_104735.1,1,1511,10,1442,95.4335,8.76307,17.0,1.8,45851,Bacteria,unclassified Bacteria kingdom,Bacillota,Clostridia,Lachnospirales,Lachnospiraceae,Butyrivibrio,Butyrivibrio crossotus,8.763070814030444,2.3830944616997054,0.2719474157260218,0.07
79,NR_104803.1,1,1521,48,1461,96.0552,44.142,19.9,4.19,39482,Bacteria,unclassified Bacteria kingdom,Bacillota,Clostridia,Lachnospirales,Lachnospiraceae,Faecalicatena,Faecalicatena contorta,44.142011834319526,9.721680003642359,0.22023645048465934,0.34
80,NR_104826.1,1,1530,6,1464,95.6863,5.4549,16.8,0.5,624,Bacteria,unclassified Bacteria kingdom,Pseudomonadota,Gammaproteobacteria,Enterobacterales,Enterobacteriaceae,Shigella,Shigella sonnei,5.454901960784314,1.302934906076766,0.23885578795799808,0.04
81,NR_104899.1,1,1480,13,1453,98.1757,12.1912,18.5,1.85,384636,Bacteria,unclassified Bacteria kingdom,Bacillota,Clostridia,Lachnospirales,Lachnospiraceae,Lacrimispora,Lacrimispora xylanisolvens,12.191216216216215,2.1461602750548487,0.17604152342078236,0.09
82,NR_104901.1,1,1515,5,1464,96.6337,4.72211,20.9,9.0,621,Bacteria,unclassified Bacteria kingdom,Pseudomonadota,Gammaproteobacteria,Enterobacterales,Enterobacteriaceae,Shigella,Shigella boydii,4.7221122112211225,0.9481645430039873,0.20079246332835346,0.04
83,NR_104940.1,1,1478,1,1399,94.6549,0.946549,18.6,7.0,565,Bacteria,unclassified Bacteria kingdom,Pseudomonadota,Gammaproteobacteria,Enterobacterales,Enterobacteriaceae,Atlantibacter,Atlantibacter hermannii,0.9465493910690121,0.22493030328502736,0.23763187151913542,0.01
84,NR_111998.1,1,1449,17,1449,100.0,15.6446,17.7,6.65,549,Bacteria,unclassified Bacteria kingdom,Pseudomonadota,Gammaproteobacteria,Enterobacterales,Erwiniaceae,Pantoea,Pantoea agglomerans,15.644582470669427,2.706223175070481,0.17298148928832885,0.12
85,NR_112143.1,1,1397,15,1396,99.9284,14.2255,17.7,3.8,821,Bacteria,unclassified Bacteria kingdom,Bacteroidota,Bacteroidia,Bacteroidales,Bacteroidaceae,Phocaeicola,Phocaeicola vulgatus,14.225483178239084,1.497306768246008,0.10525524859053353,0.11
86,NR_112789.1,1,1468,10,1455,99.1144,9.46798,16.9,4.0,536633,Bacteria,unclassified Bacteria kingdom,Bacillota,Clostridia,Lachnospirales,Lachnospiraceae,Blautia,Blautia glucerasea,9.467983651226158,1.2156717431933026,0.1283981667031994,0.07
87,NR_112848.1,1,1525,1,1162,76.1967,0.761967,13.5,0.0,1236509,Bacteria,unclassified Bacteria kingdom,Bacteroidota,Bacteroidia,Bacteroidales,Prevotellaceae,Prevotella,Prevotella dentasini,0.7619672131147541,0.4258793012731287,0.5589207697431335,0.01
88,NR_112899.1,1,1491,6,1430,95.9088,5.39235,18.3,0.0,742742,Bacteria,unclassified Bacteria kingdom,Actinomycetota,Coriobacteriia,Coriobacteriales,Coriobacteriaceae,Collinsella,Collinsella tanakaei,5.392354124748491,1.3209026944672815,0.244958447444119,0.04
89,NR_112901.1,1,1469,87,1458,99.2512,81.7931,18.8,0.0,762983,Bacteria,unclassified Bacteria kingdom,Pseudomonadota,Gammaproteobacteria,Aeromonadales,Succinivibrionaceae,Succinatimonas,Succinatimonas hippei,81.7930565010211,12.924061843104017,0.15800927848860463,0.62
90,NR_112931.1,1,1490,2,1431,96.0403,1.74497,16.6,1.0,85831,Bacteria,unclassified Bacteria kingdom,Bacteroidota,Bacteroidia,Bacteroidales,Bacteroidaceae,Bacteroides,Bacteroides acidifaciens,1.74496644295302,0.5188314492197111,0.2973303305143729,0.01
91,NR_112935.1,1,1488,2,1441,96.8414,1.88911,18.7,60.0,28111,Bacteria,unclassified Bacteria kingdom,Bacteroidota,Bacteroidia,Bacteroidales,Bacteroidaceae,Bacteroides,Bacteroides eggerthii,1.8891129032258065,0.40219795070827613,0.21290307742935427,0.01
92,NR_112938.1,1,1478,18,1462,98.9175,17.0663,18.0,0.556,204516,Bacteria,unclassified Bacteria kingdom,Bacteroidota,Bacteroidia,Bacteroidales,Bacteroidaceae,Phocaeicola,Phocaeicola massiliensis,17.066305818673882,2.3890115537967826,0.13998410547540616,0.13
93,NR_112940.1,1,1459,1,1387,95.0651,0.950651,14.8,10.0,28116,Bacteria,unclassified Bacteria kingdom,Bacteroidota,Bacteroidia,Bacteroidales,Bacteroidaceae,Bacteroides,Bacteroides ovatus,0.9506511309115833,0.2165953790091378,0.22783897474717524,0.01
94,NR_112942.1,1,1473,43,1459,99.0496,40.5574,18.4,19.6,291644,Bacteria,unclassified Bacteria kingdom,Bacteroidota,Bacteroidia,Bacteroidales,Bacteroidaceae,Bacteroides,Bacteroides salyersiae,40.55736591989138,5.79119603482394,0.14279024052653394,0.31
95,NR_112943.1,1,1476,26,1457,98.7127,24.7276,18.8,59.1,449673,Bacteria,unclassified Bacteria kingdom,Bacteroidota,Bacteroidia,Bacteroidales,Bacteroidaceae,Bacteroides,Bacteroides stercoris,24.727642276422763,3.5192571466012184,0.14232077232679594,0.18
96,NR_112945.1,1,1477,71,1466,99.2552,67.1435,18.8,35.4,820,Bacteria,unclassified Bacteria kingdom,Bacteroidota,Bacteroidia,Bacteroidales,Bacteroidaceae,Bacteroides,Bacteroides uniformis,67.14353419092755,9.556005699201528,0.14232205400490724,0.5
97,NR_112946.1,1,1489,93,1476,99.1269,87.0067,19.7,4.55,821,Bacteria,unclassified Bacteria kingdom,Bacteroidota,Bacteroidia,Bacteroidales,Bacteroidaceae,Phocaeicola,Phocaeicola vulgatus,87.00671591672263,15.097220930108863,0.17351788044222904,0.66
98,NR_112947.1,1,1465,7,1459,99.5904,6.73857,19.5,30.4,657309,Bacteria,unclassified Bacteria kingdom,Bacteroidota,Bacteroidia,Bacteroidales,Bacteroidaceae,Bacteroides,Bacteroides xylanisolvens,6.738566552901024,0.7629970498831832,0.11322839121544402,0.05
99,NR_113014.1,1,1488,1,1209,81.25,0.8125,16.7,1.0,1236512,Bacteria,unclassified Bacteria kingdom,Bacteroidota,Bacteroidia,Bacteroidales,Bacteroidaceae,Bacteroides,Bacteroides rodentium,0.8125,0.3903123748998999,0.4803844614152614,0.01
100,NR_113015.1,1,1490,10,1456,97.7181,9.0604,18.5,1.0,1236538,Bacteria,unclassified Bacteria kingdom,Bacteroidota,Bacteroidia,Bacteroidales,Bacteroidaceae,Phocaeicola,Phocaeicola sartorii,9.060402684563758,1.8832650068875927,0.2078566563157417,0.07
101,NR_113064.1,1,1490,173,1485,99.6644,160.501,19.2,0.983,1236538,Bacteria,unclassified Bacteria kingdom,Bacteroidota,Bacteroidia,Bacteroidales,Bacteroidaceae,Phocaeicola,Phocaeicola sartorii,160.5013422818792,30.65053616701975,0.1909674756064656,1.23
102,NR_113071.1,1,1493,2,1226,82.1165,1.35633,14.0,0.0,1236498,Bacteria,unclassified Bacteria kingdom,Bacteroidota,Bacteroidia,Bacteroidales,Bacteroidaceae,Phocaeicola,Phocaeicola paurosaccharolyticus,1.3563295378432685,0.766177473484883,0.5648903545249039,0.01
103,NR_113073.1,1,1481,1,1369,92.4375,0.924375,16.8,0.0,487174,Bacteria,unclassified Bacteria kingdom,Bacteroidota,Bacteroidia,Bacteroidales,Barnesiellaceae,Barnesiella,Barnesiella intestinihominis,0.924375422012154,0.26439648483292405,0.28602716876374035,0.01
104,NR_113077.1,1,1480,4,1453,98.1757,3.75878,18.9,30.0,454154,Bacteria,unclassified Bacteria kingdom,Bacteroidota,Bacteroidia,Bacteroidales,Prevotellaceae,Paraprevotella,Paraprevotella clara,3.758783783783784,0.6466576284137435,0.17203905986919654,0.03
105,NR_113078.1,1,1488,4,1443,96.9758,3.38575,16.6,0.5,454155,Bacteria,unclassified Bacteria kingdom,Bacteroidota,Bacteroidia,Bacteroidales,Prevotellaceae,Paraprevotella,Paraprevotella xylaniphila,3.385752688172043,1.020152435962551,0.3013074284859618,0.03
106,NR_113094.1,1,1494,22,1481,99.1299,20.1519,18.4,0.409,305719,Bacteria,unclassified Bacteria kingdom,Bacteroidota,Bacteroidia,Bacteroidales,Prevotellaceae,Segatella,Segatella baroniae,20.15194109772423,4.0632968270807535,0.2016330242023,0.16
107,NR_113097.1,1,1480,18,1455,98.3108,16.0047,17.8,10.3,873513,Bacteria,unclassified Bacteria kingdom,Bacteroidota,Bacteroidia,Bacteroidales,Prevotellaceae,Segatella,Segatella buccae,16.00472972972973,3.3980287302019816,0.2123140338877415,0.13
108,NR_113102.1,1,1494,1,1186,79.3842,0.793842,17.4,0.0,1236509,Bacteria,unclassified Bacteria kingdom,Bacteroidota,Bacteroidia,Bacteroidales,Prevotellaceae,Prevotella,Prevotella dentasini,0.7938420348058902,0.4045452491145249,0.5096042176872683,0.01
109,NR_113118.1,1,1481,1,1178,79.5409,0.795409,16.8,0.0,28135,Bacteria,unclassified Bacteria kingdom,Bacteroidota,Bacteroidia,Bacteroidales,Prevotellaceae,Segatella,Segatella oris,0.7954085077650236,0.40340279317332806,0.5071642926058565,0.01
110,NR_113119.1,1,1481,1,1400,94.5307,0.945307,19.4,0.0,28135,Bacteria,unclassified Bacteria kingdom,Bacteroidota,Bacteroidia,Bacteroidales,Prevotellaceae,Segatella,Segatella oris,0.9453072248480756,0.22737958461151817,0.24053511772118458,0.01
111,NR_113122.1,1,1491,3,1443,96.7807,2.73776,17.2,1.67,185294,Bacteria,unclassified Bacteria kingdom,Bacteroidota,Bacteroidia,Bacteroidales,Prevotellaceae,Segatella,Segatella paludivivens,2.73775989268947,0.6523260336823196,0.23826999417450723,0.02
112,NR_113164.1,1,1466,3,1424,97.1351,2.81378,18.5,1.0,147206,Bacteria,unclassified Bacteria kingdom,Actinomycetota,Coriobacteriia,Coriobacteriales,Coriobacteriaceae,Collinsella,Collinsella stercoris,2.8137789904502046,0.5910667769243155,0.21006155029601128,0.02
113,NR_113165.1,1,1466,26,1427,97.3397,23.9332,17.9,15.4,147207,Bacteria,unclassified Bacteria kingdom,Actinomycetota,Coriobacteriia,Coriobacteriales,Coriobacteriaceae,Collinsella,Collinsella intestinalis,23.933151432469305,4.343649520838269,0.18149091368491424,0.18
114,NR_113188.1,1,1473,1,1391,94.4331,0.944331,22.5,60.0,572010,Bacteria,unclassified Bacteria kingdom,Actinomycetota,Coriobacteriia,Eggerthellales,Eggerthellaceae,Slackia,Slackia isoflavoniconvertens,0.9443312966734555,0.22928082954422105,0.24279702510326212,0.01
115,NR_113195.1,1,1490,137,1476,99.0604,125.091,18.4,1.91,1236515,Bacteria,unclassified Bacteria kingdom,Bacteroidota,Bacteroidia,Bacteroidales,Bacteroidaceae,Phocaeicola,Phocaeicola sartorii,125.09060402684564,24.080106363011396,0.19250131974615436,0.97
116,NR_113227.1,1,1490,1,1167,78.3221,0.783221,16.7,3.0,915438,Bacteria,unclassified Bacteria kingdom,Bacteroidota,Bacteroidia,Bacteroidales,Prevotellaceae,Xylanibacter,Xylanibacter oryzae,0.7832214765100671,0.4120504765723006,0.5260970095053367,0.01
117,NR_113231.1,1,1491,496,1475,98.9269,465.043,18.8,11.5,536633,Bacteria,unclassified Bacteria kingdom,Bacillota,Clostridia,Lachnospirales,Lachnospiraceae,Blautia,Blautia glucerasea,465.04292421193827,78.06484627051896,0.16786589410602826,3.52
118,NR_113270.1,1,1493,8,1454,97.3878,7.15003,17.1,1.12,1121114,Bacteria,unclassified Bacteria kingdom,Bacillota,Clostridia,Lachnospirales,Lachnospiraceae,Blautia,Blautia producta,7.1500334896182185,1.662072983665636,0.23245667115810723,0.06
119,NR_113273.1,1,1469,3,1427,97.1409,2.78557,17.2,0.667,742742,Bacteria,unclassified Bacteria kingdom,Actinomycetota,Coriobacteriia,Coriobacteriales,Coriobacteriaceae,Collinsella,Collinsella tanakaei,2.785568413886998,0.6026117709411172,0.21633350232465814,0.02
120,NR_113274.1,1,1478,98,1459,98.7145,91.3153,18.9,0.102,762983,Bacteria,unclassified Bacteria kingdom,Pseudomonadota,Gammaproteobacteria,Aeromonadales,Succinivibrionaceae,Succinatimonas,Succinatimonas hippei,91.31529093369419,15.956238242553013,0.17473785692846502,0.7
121,NR_113334.1,1,1491,4,1490,99.9329,3.86989,20.7,5.0,28038,Bacteria,unclassified Bacteria kingdom,Bacillota,Bacilli,Lactobacillales,Lactobacillaceae,Latilactobacillus,Latilactobacillus curvatus,3.869885982562039,0.379520931220877,0.09807031342293372,0.03
122,NR_113344.1,1,1465,1,1422,97.0648,0.970648,17.8,0.0,584,Bacteria,unclassified Bacteria kingdom,Pseudomonadota,Gammaproteobacteria,Enterobacterales,Morganellaceae,Proteus,Proteus mirabilis,0.9706484641638226,0.16878987878494098,0.1738939327847669,0.01
123,NR_113384.1,1,1469,45,1456,99.115,42.4193,19.5,59.2,856,Bacteria,unclassified Bacteria kingdom,Fusobacteriota,Fusobacteriia,Fusobacteriales,Fusobacteriaceae,Fusobacterium,Fusobacterium varium,42.419332879509874,7.051000196816692,0.1662213834631659,0.32
124,NR_113393.1,1,1528,9,1492,97.644,8.48495,20.2,12.0,2741,Bacteria,unclassified Bacteria kingdom,Bacillota,Clostridia,Eubacteriales,Peptococcaceae,Peptococcus,Peptococcus niger,8.484947643979057,1.5901475523034165,0.18740805707054536,0.06
125,NR_113410.1,1,1390,95,1382,99.4245,90.7964,19.4,6.18,208479,Bacteria,unclassified Bacteria kingdom,Bacillota,Clostridia,Lachnospirales,Lachnospiraceae,Enterocloster,Enterocloster bolteae,90.79640287769784,10.234494572134125,0.1127191634003378,0.67
126,NR_113411.1,1,1493,1,1442,96.5841,0.965841,16.0,31.0,537011,Bacteria,unclassified Bacteria kingdom,Bacteroidota,Bacteroidia,Bacteroidales,Prevotellaceae,Segatella,Segatella copri,0.9658405894172807,0.18163850156660138,0.18806260945834663,0.01
127,NR_113821.1,1,1499,2,1496,99.7999,1.97598,22.6,16.0,1599,Bacteria,unclassified Bacteria kingdom,Bacillota,Bacilli,Lactobacillales,Lactobacillaceae,Latilactobacillus,Latilactobacillus sakei,1.9759839893262174,0.16565600004446052,0.08383468739589679,0.01
128,NR_114315.1,1,1481,1,1351,91.2221,0.912221,15.9,1.0,649762,Bacteria,unclassified Bacteria kingdom,Bacillota,Clostridia,Lachnospirales,Lachnospiraceae,Blautia,Blautia luti,0.912221471978393,0.2829725393743475,0.31020157721199754,0.01
129,NR_114392.1,1,1494,3,1367,91.4993,2.59304,17.6,1.0,1544,Bacteria,unclassified Bacteria kingdom,Bacillota,Clostridia,Lachnospirales,Lachnospiraceae,Faecalicatena,Faecalicatena orotica,2.5930388219544844,0.879853189860889,0.3393135430181126,0.02
130,NR_114419.1,1,1497,1,1441,96.2592,0.962592,20.7,2.0,584,Bacteria,unclassified Bacteria kingdom,Pseudomonadota,Gammaproteobacteria,Enterobacterales,Morganellaceae,Proteus,Proteus mirabilis,0.9625918503674015,0.1897597954616933,0.19713422193348706,0.01
131,NR_114789.1,1,1505,24,1430,95.0166,21.2724,20.1,4.54,1535,Bacteria,unclassified Bacteria kingdom,Bacillota,Clostridia,Eubacteriales,Oscillospiraceae,unclassified Oscillospiraceae genus,[Clostridium] leptum,21.272425249169434,6.606264300284222,0.3105552950781744,0.17
132,NR_114807.1,1,1456,7,1383,94.9863,5.93338,17.2,0.286,168384,Bacteria,unclassified Bacteria kingdom,Bacillota,Clostridia,Lachnospirales,Lachnospiraceae,Marvinbryantia,Marvinbryantia formatexigens,5.9333791208791204,1.7471597388248912,0.294462852150601,0.05
133,NR_115138.1,1,1468,1,1416,96.4578,0.964578,20.3,16.0,115545,Bacteria,unclassified Bacteria kingdom,Pseudomonadota,Gammaproteobacteria,Pasteurellales,Pasteurellaceae,Pasteurella,Pasteurella multocida,0.9645776566757494,0.184844802246828,0.19163288820504484,0.01
134,NR_115172.1,1,1406,1,1385,98.5064,0.985064,20.7,1.0,214326,Bacteria,unclassified Bacteria kingdom,Bacillota,Bacilli,Lactobacillales,Lactobacillaceae,Latilactobacillus,Latilactobacillus sakei,0.9850640113798008,0.12129676361773432,0.12313592032240755,0.01
135,NR_115211.1,1,1485,20,1456,98.0471,18.7892,18.1,2.7,253257,Bacteria,unclassified Bacteria kingdom,Bacillota,Clostridia,Lachnospirales,Lachnospiraceae,Lacrimispora,Lacrimispora amygdalina,18.789225589225587,3.032376095983704,0.16138909406264068,0.14
136,NR_116050.1,1,1454,2,1431,98.4182,1.86107,16.9,0.5,439703,Bacteria,unclassified Bacteria kingdom,Bacteroidota,Bacteroidia,Bacteroidales,Prevotellaceae,Segatella,Segatella maculosa,1.861072902338377,0.38892572944056786,0.20897930916725263,0.01
137,NR_116181.1,1,1435,1,1366,95.1916,0.951916,15.7,1.0,28116,Bacteria,unclassified Bacteria kingdom,Bacteroidota,Bacteroidia,Bacteroidales,Bacteroidaceae,Bacteroides,Bacteroides ovatus,0.9519163763066202,0.21394295694388546,0.22474973881001145,0.01
138,NR_116747.1,1,1404,1,1367,97.3647,0.973647,23.6,2.0,1298596,Bacteria,unclassified Bacteria kingdom,Bacillota,Clostridia,Lachnospirales,Lachnospiraceae,Mediterraneibacter,Mediterraneibacter faecis,0.9736467236467237,0.16018358585923856,0.16451920595930572,0.01
139,NR_116756.1,1,1387,3,1385,99.8558,2.8659,17.5,5.0,69218,Bacteria,unclassified Bacteria kingdom,Pseudomonadota,Gammaproteobacteria,Enterobacterales,Enterobacteriaceae,Enterobacter,Enterobacter cancerogenus,2.8658976207642395,0.37308217351126677,0.13017986783902566,0.02
140,NR_116860.1,1,1455,17,1453,99.8625,15.554,19.6,0.118,305719,Bacteria,unclassified Bacteria kingdom,Bacteroidota,Bacteroidia,Bacteroidales,Prevotellaceae,Segatella,Segatella baroniae,15.553951890034364,2.5300278819799815,0.1626614187742863,0.12
141,NR_117126.1,1,1525,16,1456,95.4754,14.5666,18.0,1.12,1544,Bacteria,unclassified Bacteria kingdom,Bacillota,Clostridia,Lachnospirales,Lachnospiraceae,Faecalicatena,Faecalicatena orotica,14.56655737704918,3.40284301832506,0.23360653655108113,0.11
142,NR_117127.1,1,1525,3,1469,96.3279,2.55672,15.7,0.333,1544,Bacteria,unclassified Bacteria kingdom,Bacillota,Clostridia,Lachnospirales,Lachnospiraceae,Faecalicatena,Faecalicatena orotica,2.55672131147541,0.7476054041842528,0.2924078587794269,0.02
143,NR_117130.1,1,1525,1,1395,91.4754,0.914754,18.8,1.0,1544,Bacteria,unclassified Bacteria kingdom,Bacillota,Clostridia,Lachnospirales,Lachnospiraceae,Faecalicatena,Faecalicatena orotica,0.9147540983606557,0.27924727016219775,0.30527031325975024,0.01
144,NR_117141.1,1,1523,1,1361,89.3631,0.893631,16.1,1.0,290055,Bacteria,unclassified Bacteria kingdom,Bacillota,Clostridia,Lachnospirales,Lachnospiraceae,Faecalicatena,Faecalicatena fissicatena,0.8936309914642153,0.3083093293413279,0.3450074273231759,0.01
145,NR_117147.1,1,1524,3,1447,94.9475,2.41273,16.4,1.0,39482,Bacteria,unclassified Bacteria kingdom,Bacillota,Clostridia,Lachnospirales,Lachnospiraceae,Faecalicatena,Faecalicatena contorta,2.4127296587926508,0.8669315078203097,0.3593156426211999,0.02
146,NR_117373.1,1,1327,11,1281,96.5335,9.53278,17.2,3.18,1236515,Bacteria,unclassified Bacteria kingdom,Bacteroidota,Bacteroidia,Bacteroidales,Bacteroidaceae,Phocaeicola,Phocaeicola sartorii,9.532780708364733,2.576387480275426,0.2702661016858095,0.08
147,NR_117734.1,1,1482,20,1441,97.2335,18.4663,19.9,22.9,850,Bacteria,unclassified Bacteria kingdom,Fusobacteriota,Fusobacteriia,Fusobacteriales,Fusobacteriaceae,Fusobacterium,Fusobacterium mortiferum,18.466261808367072,3.7498369816494788,0.20306421627524124,0.14
148,NR_117867.1,1,1372,1,1242,90.5248,0.905248,16.5,1.0,871664,Bacteria,unclassified Bacteria kingdom,Bacillota,Clostridia,Lachnospirales,Lachnospiraceae,Blautia,Blautia stercoris,0.9052478134110787,0.2928723437362084,0.3235272589420917,0.01
149,NR_118128.1,1,1310,16,1300,99.2366,14.8832,18.1,2.19,1531,Bacteria,unclassified Bacteria kingdom,Bacillota,Clostridia,Lachnospirales,Lachnospiraceae,Enterocloster,Enterocloster clostridioformis,14.88320610687023,2.187251496785779,0.1469610432779079,0.11
150,NR_118249.1,1,1463,1,1445,98.7697,0.987697,19.7,60.0,1107316,Bacteria,unclassified Bacteria kingdom,Pseudomonadota,Betaproteobacteria,Neisseriales,Neisseriaceae,Neisseria,Neisseria oralis,0.9876965140123035,0.11023661016308106,0.11160979977064885,0.01
151,NR_118316.1,1,1490,12,1451,97.3826,11.1188,18.6,54.0,1349822,Bacteria,unclassified Bacteria kingdom,Bacteroidota,Bacteroidia,Bacteroidales,Barnesiellaceae,Coprobacter,Coprobacter fastidiosus,11.118791946308725,2.0497133251025397,0.18434676491837895,0.09
152,NR_118334.1,1,1455,1,1027,70.5842,0.705842,14.8,12.0,671218,Bacteria,unclassified Bacteria kingdom,Bacteroidota,Bacteroidia,Bacteroidales,Prevotellaceae,Alloprevotella,Alloprevotella rava,0.7058419243986255,0.4556633649525398,0.6455600740077364,0.01
153,NR_118516.1,1,1435,2,1432,99.7909,1.93101,19.9,42.5,824,Bacteria,unclassified Bacteria kingdom,Campylobacterota,Epsilonproteobacteria,Campylobacterales,Campylobacteraceae,Campylobacter,Campylobacter gracilis,1.9310104529616725,0.2615552983725644,0.13544996505399853,0.01
154,NR_118643.1,1,1390,1,1151,82.8058,0.828058,14.3,1.0,1432052,Bacteria,unclassified Bacteria kingdom,Bacillota,Clostridia,Lachnospirales,Lachnospiraceae,Eisenbergiella,Eisenbergiella tayi,0.8280575539568346,0.3773304139502407,0.4556813860910813,0.01
155,NR_118690.1,1,1423,5,1413,99.2973,4.41391,17.3,1.2,411470,Bacteria,unclassified Bacteria kingdom,Bacillota,Clostridia,Lachnospirales,Lachnospiraceae,Mediterraneibacter,Mediterraneibacter gnavus,4.41391426563598,0.9110875161478246,0.20641259918458119,0.04
156,NR_119068.1,1,1470,2,1426,97.0068,1.7381,19.3,1.5,36832,Bacteria,unclassified Bacteria kingdom,Bacillota,Clostridia,Lachnospirales,Lachnospiraceae,Lacrimispora,Lacrimispora aerotolerans,1.7380952380952381,0.5031645885538871,0.2894919550584008,0.01
157,NR_119085.1,1,1503,1,1271,84.5642,0.845642,15.7,1.0,29364,Bacteria,unclassified Bacteria kingdom,Bacillota,Clostridia,Lachnospirales,Lachnospiraceae,Lachnoclostridium,[Clostridium] polysaccharolyticum,0.8456420492348636,0.3612915357446446,0.4272393219702603,0.01
158,NR_119287.1,1,1461,2,1439,98.4942,1.87543,17.8,1.0,84037,Bacteria,unclassified Bacteria kingdom,Bacillota,Clostridia,Lachnospirales,Lachnospiraceae,Syntrophococcus,Syntrophococcus sucromutans,1.8754277891854894,0.37305540307808166,0.19891749777265597,0.01
159,NR_125570.1,1,1395,220,1369,98.1362,199.038,19.4,1.28,796943,Bacteria,unclassified Bacteria kingdom,Bacillota,Clostridia,Lachnospirales,Lachnospiraceae,Oribacterium,Oribacterium parvum,199.03799283154123,48.12277448286066,0.24177682762099642,1.56
160,NR_125571.1,1,1436,63,1434,99.8607,57.8447,18.6,6.33,796944,Bacteria,unclassified Bacteria kingdom,Bacillota,Clostridia,Lachnospirales,Lachnospiraceae,Oribacterium,Oribacterium asaccharolyticum,57.84470752089136,8.251376595590314,0.14264704498004804,0.45
161,NR_126208.1,1,1429,6,1405,98.3205,5.64801,18.5,2.67,1296536,Bacteria,unclassified Bacteria kingdom,Pseudomonadota,Gammaproteobacteria,Enterobacterales,Enterobacteriaceae,Enterobacter,Enterobacter hormaechei,5.648005598320504,1.0407871059100766,0.18427515479438725,0.04
162,NR_133027.1,1,1519,62,1504,99.0125,58.0586,19.2,1.58,1232428,Bacteria,unclassified Bacteria kingdom,Bacillota,Negativicutes,Veillonellales,Veillonellaceae,Megasphaera,Megasphaera massiliensis,58.05859117840685,9.982729833120752,0.17194233670681158,0.44
163,NR_133762.1,1,1409,2,1400,99.3612,1.93683,19.6,1.0,1096246,Bacteria,unclassified Bacteria kingdom,Bacillota,Clostridia,Lachnospirales,Lachnospiraceae,Hungatella,Hungatella effluvii,1.936834634492548,0.2682359406396602,0.1384919165852991,0.01
164,NR_134080.1,1,1566,91,1525,97.3819,83.2458,18.9,1.68,879612,Bacteria,unclassified Bacteria kingdom,Bacillota,Negativicutes,Veillonellales,Veillonellaceae,Megasphaera,Megasphaera indica,83.24584929757343,19.613349834019736,0.23560754079052268,0.65
165,NR_134772.1,1,1433,2,1368,95.4641,1.84927,19.9,1.0,1337051,Bacteria,unclassified Bacteria kingdom,Bacillota,Clostridia,Lachnospirales,Lachnospiraceae,Murimonas,Murimonas intestini,1.8492672714584788,0.46768701595762363,0.25290395994991494,0.01
166,NR_136472.1,1,1504,17,1478,98.2713,15.9189,19.6,6.0,1499973,Bacteria,unclassified Bacteria kingdom,Pseudomonadota,Gammaproteobacteria,Enterobacterales,Enterobacteriaceae,Escherichia,Escherichia marmotae,15.918882978723405,2.7213331423058835,0.17095000609924185,0.12
167,NR_144607.1,1,1378,9,1341,97.3149,8.20682,19.9,3.78,1796615,Bacteria,unclassified Bacteria kingdom,Bacillota,Clostridia,Lachnospirales,Lachnospiraceae,Blautia,Blautia caecimuris,8.206821480406386,1.668032891957845,0.2032495645165718,0.06
168,NR_144722.1,1,1476,2,1432,97.019,1.90718,22.5,1.0,1632013,Bacteria,unclassified Bacteria kingdom,Bacillota,Clostridia,Eubacteriales,Oscillospiraceae,Drancourtella,Drancourtella massiliensis,1.9071815718157181,0.3792410365185187,0.19884894135038494,0.01
169,NR_144727.1,1,1478,14,1461,98.8498,13.1969,18.5,1.5,1673717,Bacteria,unclassified Bacteria kingdom,Bacillota,Clostridia,Eubacteriales,Acutalibacteraceae,Anaeromassilibacillus,Anaeromassilibacillus senegalensis,13.196887686062245,2.342711855635633,0.17752002679464066,0.1
170,NR_144735.1,1,1496,2,1432,95.7219,1.7988,17.1,1.0,1745713,Bacteria,unclassified Bacteria kingdom,Bacillota,Clostridia,Lachnospirales,Lachnospiraceae,Bariatricus,Bariatricus massiliensis,1.7987967914438503,0.49626804727794804,0.27588888841613163,0.01
171,NR_144744.1,1,1491,106,1489,99.8659,97.5164,18.6,6.5,1841856,Bacteria,unclassified Bacteria kingdom,Bacteroidota,Bacteroidia,Bacteroidales,Bacteroidaceae,Bacteroides,Bacteroides mediterraneensis,97.51643192488262,18.199954072690687,0.18663474158601495,0.75
172,NR_144746.1,1,1494,2,1414,94.6452,1.83199,17.5,20.5,1841864,Bacteria,unclassified Bacteria kingdom,Bacteroidota,Bacteroidia,Bacteroidales,Prevotellaceae,Marseilla,Marseilla massiliensis,1.8319946452476572,0.4968647727309336,0.27121518833029407,0.01
173,NR_144750.1,1,1493,247,1488,99.6651,225.019,18.8,40.8,1852370,Bacteria,unclassified Bacteria kingdom,Bacteroidota,Bacteroidia,Bacteroidales,Prevotellaceae,Prevotellamassilia,Prevotellamassilia timonensis,225.01875418620227,48.04227231921163,0.2135034143841042,1.75
174,NR_145647.1,1,1422,1,1332,93.6709,0.936709,18.1,1.0,61645,Bacteria,unclassified Bacteria kingdom,Pseudomonadota,Gammaproteobacteria,Enterobacterales,Enterobacteriaceae,Enterobacter,Enterobacter asburiae,0.9367088607594937,0.24348587419837217,0.25993762245501895,0.01
175,NR_145844.1,1,1489,27,1456,97.7837,25.2042,19.7,14.6,1411144,Bacteria,unclassified Bacteria kingdom,Bacteroidota,Bacteroidia,Bacteroidales,Bacteroidaceae,Bacteroides,Bacteroides caecigallinarum,25.20416386836803,4.83841898870756,0.19196903392537923,0.19
176,NR_145929.1,1,1445,2,1432,99.1003,1.82561,16.0,1.0,642589,Bacteria,unclassified Bacteria kingdom,Bacillota,Clostridia,Eubacteriales,Acutalibacteraceae,Caproiciproducens,Caproiciproducens galactitolivorans,1.82560553633218,0.40246007788923205,0.22045292363530716,0.01
177,NR_146667.2,1,1522,158,1486,97.6347,146.083,18.5,0.791,539813,Bacteria,unclassified Bacteria kingdom,Pseudomonadota,Gammaproteobacteria,Enterobacterales,Enterobacteriaceae,Enterobacter,Enterobacter mori,146.08344283837056,29.49318283287438,0.20189271460083388,1.12
178,NR_147373.1,1,1532,5,1489,97.1932,4.66188,17.1,2.8,1852379,Bacteria,unclassified Bacteria kingdom,Bacillota,Negativicutes,Veillonellales,Veillonellaceae,Colibacter,Colibacter massiliensis,4.661879895561357,0.9487018015637559,0.20350198263731087,0.04
179,NR_147376.1,1,1530,1,1445,94.4444,0.944444,19.3,1.0,1852378,Bacteria,unclassified Bacteria kingdom,Bacillota,Negativicutes,Veillonellales,Veillonellaceae,Caecibacter,Caecibacter massiliensis,0.9444444444444444,0.22906142364542617,0.2425356250363336,0.01
180,NR_147381.1,1,1497,81,1496,99.9332,75.4008,18.8,59.7,1852381,Bacteria,unclassified Bacteria kingdom,Pseudomonadota,Betaproteobacteria,Burkholderiales,Sutterellaceae,Duodenibacillus,Duodenibacillus massiliensis,75.40080160320642,12.868886088172173,0.1706730673222037,0.58
181,NR_147396.1,1,1453,5,1442,99.2429,4.70475,16.4,4.6,1917870,Bacteria,unclassified Bacteria kingdom,Bacillota,Clostridia,Lachnospirales,Lachnospiraceae,Enterocloster,Enterocloster hominis (ex Hitch et al. 2024),4.70474879559532,0.6731183062218397,0.14307210341432608,0.04
182,NR_147400.1,1,1482,8,1442,97.3009,7.26788,16.9,7.38,1958780,Bacteria,unclassified Bacteria kingdom,Bacillota,Clostridia,Eubacteriales,Clostridiaceae,Clostridium,Clostridium merdae,7.267881241565452,1.5608769350622294,0.21476368190160838,0.06
183,NR_148589.1,1,1504,1,1433,95.2793,0.952793,20.6,60.0,1547447,Bacteria,unclassified Bacteria kingdom,Bacillota,Bacilli,Lactobacillales,Streptococcaceae,Streptococcus,Streptococcus oricebi,0.9527925531914894,0.21208230424609245,0.22259022022758063,0.01
184,NR_148624.1,1,1345,2,1318,97.9926,1.88922,17.2,1.0,1653434,Bacteria,unclassified Bacteria kingdom,Bacillota,Clostridia,Lachnospirales,Lachnospiraceae,Sellimonas,Sellimonas intestinalis,1.8892193308550187,0.37236676996414636,0.19710086800542181,0.01
185,NR_148649.1,1,1444,1,1262,87.3961,0.873961,16.7,1.0,881260,Bacteria,unclassified Bacteria kingdom,Pseudomonadota,Gammaproteobacteria,Enterobacterales,Enterobacteriaceae,Enterobacter,Enterobacter bugandensis,0.8739612188365651,0.3318930653181372,0.37975719993612533,0.01
186,NR_149208.1,1,1503,2,1475,98.1371,1.92415,20.8,28.5,1461579,Bacteria,unclassified Bacteria kingdom,Pseudomonadota,Gammaproteobacteria,Pasteurellales,Pasteurellaceae,Haemophilus,Haemophilus massiliensis,1.9241516966067864,0.3276494376120799,0.17028253967183818,0.01
187,NR_153710.1,1,1488,2,1477,99.2608,1.88777,16.0,1.0,1643805,Bacteria,unclassified Bacteria kingdom,Bacillota,Clostridia,Eubacteriales,Peptococcaceae,Peptococcus,Peptococcus simiae,1.887768817204301,0.3382606844440175,0.1791854391074041,0.01
188,NR_156078.1,1,1412,6,1402,99.2918,5.64093,17.8,0.167,1469948,Bacteria,unclassified Bacteria kingdom,Bacillota,Clostridia,Lachnospirales,Lachnospiraceae,Kineothrix,Kineothrix alysoides,5.640934844192635,0.8223825187138707,0.1457883385340848,0.04
189,NR_156079.1,1,1412,3,1399,99.0793,2.71742,18.4,0.333,1469948,Bacteria,unclassified Bacteria kingdom,Bacillota,Clostridia,Lachnospirales,Lachnospiraceae,Kineothrix,Kineothrix alysoides,2.7174220963172804,0.5596509791247245,0.20594922661561402,0.02
190,NR_156081.1,1,1411,2,1389,98.4408,1.92133,21.4,0.5,1469948,Bacteria,unclassified Bacteria kingdom,Bacillota,Clostridia,Lachnospirales,Lachnospiraceae,Kineothrix,Kineothrix alysoides,1.9213323883770375,0.32196673161206724,0.16757471719093578,0.01
191,NR_156907.1,1,1492,5,1453,97.3861,4.57574,15.8,3.0,1912855,Bacteria,unclassified Bacteria kingdom,Bacillota,Clostridia,Lachnospirales,Lachnospiraceae,Faecalimonas,Faecalimonas umbilicata,4.575737265415549,0.9386123210077081,0.2051281064806651,0.04
192,NR_157642.1,1,1397,3,1390,99.4989,2.74087,16.2,6.0,1653435,Bacteria,unclassified Bacteria kingdom,Bacillota,Clostridia,Lachnospirales,Lachnospiraceae,Merdimonas,Merdimonas faecis,2.740873299928418,0.5764379390873299,0.21031177876860793,0.02
193,NR_159117.1,1,1417,1,1385,97.7417,0.977417,25.0,4.0,1912896,Bacteria,unclassified Bacteria kingdom,Bacteroidota,Bacteroidia,Bacteroidales,Bacteroidaceae,Bacteroides,Bacteroides koreensis,0.9774170783345095,0.14856962446792776,0.15200228005130226,0.01
194,NR_163613.1,1,1478,1,1396,94.452,0.94452,20.9,14.0,2003188,Bacteria,unclassified Bacteria kingdom,Actinomycetota,Coriobacteriia,Coriobacteriales,Atopobiaceae,Parolsenella,Parolsenella catena,0.9445196211096076,0.22891550067343813,0.24236182664422745,0.01
195,NR_163636.1,1,1454,6,1451,99.7937,5.59285,17.6,0.833,2025493,Bacteria,unclassified Bacteria kingdom,Bacillota,Clostridia,Lachnospirales,Lachnospiraceae,Blautia,Blautia hominis,5.5928473177441544,0.9567560434193045,0.17106779231820815,0.04
196,NR_163637.1,1,1454,13,1454,100.0,12.4106,18.9,2.23,2025493,Bacteria,unclassified Bacteria kingdom,Bacillota,Clostridia,Lachnospirales,Lachnospiraceae,Blautia,Blautia hominis,12.410591471801926,1.182133411493069,0.0952519800671057,0.09
197,NR_165737.1,1,1471,2,1468,99.7961,1.94697,19.9,1.0,2382163,Bacteria,unclassified Bacteria kingdom,Bacillota,Bacilli,Lactobacillales,Streptococcaceae,Streptococcus,Streptococcus koreensis,1.946974847042828,0.23300717592130418,0.11967652087298829,0.01
198,NR_169348.1,1,1367,41,1365,99.8537,39.0856,19.9,9.51,2584944,Bacteria,unclassified Bacteria kingdom,Pseudomonadota,Betaproteobacteria,Burkholderiales,Sutterellaceae,Sutterella,Sutterella faecalis,39.08558888076079,3.881095375979295,0.09929734940976412,0.29
199,NR_170495.1,1,1534,1,1399,91.1995,0.911995,19.0,1.0,2509240,Bacteria,unclassified Bacteria kingdom,Bacillota,Clostridia,Lachnospirales,Lachnospiraceae,Blautia,Blautia faecicola,0.9119947848761408,0.28330248363694743,0.31064046454544486,0.01
200,NR_170509.1,1,1538,5,1451,94.3433,4.37126,18.8,10.4,2530391,Bacteria,unclassified Bacteria kingdom,Bacteroidota,Bacteroidia,Bacteroidales,Muribaculaceae,Duncaniella,Duncaniella freteri,4.371261378413524,1.3310852248314369,0.30450826651654767,0.04
201,NR_173570.1,1,1471,3,1449,98.5044,2.76886,17.2,4.0,1912090,Bacteria,unclassified Bacteria kingdom,Bacillota,Clostridia,Lachnospirales,Lachnospiraceae,Gluceribacter,Gluceribacter canis,2.768864717878994,0.5576329039126742,0.20139405884005493,0.02
202,NR_173691.1,1,1434,1,1414,98.6053,0.986053,19.3,16.0,1871031,Bacteria,unclassified Bacteria kingdom,Actinomycetota,Coriobacteriia,Coriobacteriales,Atopobiaceae,Thermophilibacter,Thermophilibacter mediterraneus,0.9860529986052998,0.11727097913293118,0.11892969170906882,0.01
203,NR_173693.1,1,1478,2,1416,95.8051,1.44993,20.5,1.0,1852385,Bacteria,unclassified Bacteria kingdom,Actinomycetota,Coriobacteriia,Coriobacteriales,Atopobiaceae,Olsenella,Olsenella phocaeensis,1.4499323410013532,0.5756651699073374,0.39702898792489255,0.01
204,NR_178367.1,1,1454,9,1454,100.0,8.61829,18.8,55.0,673271,Bacteria,unclassified Bacteria kingdom,Bacillota,Clostridia,Lachnospirales,Lachnospiraceae,Catenibacillus,Catenibacillus scindens,8.618294360385145,0.8130441760424466,0.09433933700149369,0.06
205,NR_178499.1,1,1452,3,1431,98.5537,2.64601,16.5,1.0,1111454,Bacteria,unclassified Bacteria kingdom,Bacillota,Negativicutes,Veillonellales,Veillonellaceae,Megasphaera,Megasphaera vaginalis (ex Srinivasan et al. 2021),2.6460055096418733,0.6503055183429247,0.24576876955594135,0.02
206,NR_178840.1,1,1521,5,1442,94.806,4.32084,16.6,4.8,1796616,Bacteria,unclassified Bacteria kingdom,Bacillota,Clostridia,Lachnospirales,Lachnospiraceae,Blautia,Blautia pseudococcoides,4.3208415516107825,1.3420399465571404,0.3105968896398981,0.04
207,NR_179166.1,1,1538,933,1511,98.2445,860.098,19.3,11.3,2497436,Bacteria,unclassified Bacteria kingdom,Pseudomonadota,Gammaproteobacteria,Enterobacterales,Enterobacteriaceae,Enterobacter,Enterobacter quasiroggenkampii,860.0981794538361,194.6713147588097,0.2263361548822558,6.62
208,NR_179167.1,1,1538,118,1498,97.3992,108.42,19.1,4.08,2494701,Bacteria,unclassified Bacteria kingdom,Pseudomonadota,Gammaproteobacteria,Enterobacterales,Enterobacteriaceae,Enterobacter,Enterobacter chengduensis,108.42002600780233,24.67558908087645,0.22759253976844365,0.84
209,NR_179173.1,1,1401,33,1396,99.6431,31.591,18.2,6.12,2126740,Bacteria,unclassified Bacteria kingdom,Bacillota,Clostridia,Eubacteriales,Clostridiaceae,Clostridium,Clostridium fessum,31.59100642398287,2.9408451300923524,0.0930912137025099,0.23
210,NR_179270.1,1,1482,2009,1482,100.0,1933.6,18.8,59.4,2654621,Bacteria,unclassified Bacteria kingdom,Bacillota,Negativicutes,Acidaminococcales,Acidaminococcaceae,Phascolarctobacterium,Phascolarctobacterium wakonense,1933.6018893387316,90.78849794689492,0.04695304573680546,14.26
211,NR_179383.1,1,1547,1,1453,93.9237,0.939237,23.7,1.0,2853160,Bacteria,unclassified Bacteria kingdom,Bacillota,Bacilli,Lactobacillales,Streptococcaceae,Streptococcus,Streptococcus vulneris,0.9392372333548804,0.2388946479826423,0.2543496355327926,0.01
212,NR_179410.1,1,1495,46,1456,97.3913,42.701,19.2,49.0,1650661,Bacteria,unclassified Bacteria kingdom,Bacillota,Clostridia,Eubacteriales,Clostridiaceae,Clostridium,Clostridium phoceensis,42.701003344481606,8.03767668452388,0.18823156495133309,0.33
213,NR_179538.1,1,1493,15,1455,97.4548,14.0248,18.5,2.93,1852382,Bacteria,unclassified Bacteria kingdom,Bacillota,Clostridia,Lachnospirales,Lachnospiraceae,Lachnoclostridium,Lachnoclostridium urinimassiliense,14.02478231748158,2.581567286467029,0.18407182571733485,0.11
214,NR_179545.1,1,1471,6,1428,97.0768,5.57104,19.0,12.5,1870987,Bacteria,unclassified Bacteria kingdom,Actinomycetota,Coriobacteriia,Coriobacteriales,Coriobacteriaceae,Collinsella,Collinsella vaginalis,5.5710401087695445,1.112418714675251,0.1996788199252342,0.04
215,NR_179587.1,1,1453,2,1444,99.3806,1.92154,18.3,1.0,1926283,Bacteria,unclassified Bacteria kingdom,Bacillota,Clostridia,Lachnospirales,Lachnospiraceae,Lachnoclostridium,Lachnoclostridium edouardi,1.9215416379903647,0.29101685494653384,0.15144967415376565,0.01
216,NR_179590.1,1,1432,1,1369,95.6006,0.956006,20.7,3.0,1936059,Bacteria,unclassified Bacteria kingdom,Bacillota,Clostridia,Lachnospirales,Lachnospiraceae,Blautia,Blautia provencensis,0.9560055865921788,0.2050826784414629,0.21452037657280854,0.01
217,NR_179604.1,1,1455,195,1455,100.0,188.047,19.0,41.5,1944635,Bacteria,unclassified Bacteria kingdom,Pseudomonadota,Betaproteobacteria,Burkholderiales,Sutterellaceae,Sutterella,Sutterella seckii,188.04673539518902,6.792193922221573,0.03611971198514805,1.38
218,NR_179631.1,1,1494,2,1437,96.1847,1.82329,16.9,5.0,2014528,Bacteria,unclassified Bacteria kingdom,Actinomycetota,Actinomycetes,Mycobacteriales,Corynebacteriaceae,Corynebacterium,Corynebacterium dentalis,1.823293172690763,0.47094240133489246,0.2582921980889608,0.01
219,NR_179646.1,1,1556,21,1492,95.8869,18.6684,17.3,6.81,2045301,Bacteria,unclassified Bacteria kingdom,Bacillota,Negativicutes,Veillonellales,Veillonellaceae,Megasphaera,Megasphaera vaginalis (ex Bordigoni et al. 2020),18.668380462724937,4.436272862930553,0.23763565735059003,0.15
220,NR_179932.1,1,1396,44,1396,100.0,41.1991,18.0,6.64,2144175,Bacteria,unclassified Bacteria kingdom,Bacillota,Negativicutes,Veillonellales,Veillonellaceae,Megasphaera,Megasphaera stantonii,41.19914040114613,4.35615683980176,0.10573416817406643,0.31
221,NR_179946.1,1,1528,22,1462,95.6806,19.3351,18.0,2.05,2071710,Bacteria,unclassified Bacteria kingdom,Pseudomonadota,Gammaproteobacteria,Enterobacterales,Enterobacteriaceae,Enterobacter,Enterobacter sichuanensis,19.335078534031414,5.1293759118572275,0.2652885998279801,0.16
222,NR_179976.1,1,1379,17,1369,99.2748,15.707,19.7,8.0,2094151,Bacteria,unclassified Bacteria kingdom,Bacteroidota,Bacteroidia,Bacteroidales,Muribaculaceae,Paramuribaculum,Paramuribaculum intestinale,15.707034082668601,3.3079377767105895,0.21060231736306106,0.12
223,NR_180026.1,1,1440,1,1299,90.2083,0.902083,17.3,1.0,2696678,Bacteria,unclassified Bacteria kingdom,Bacillota,Clostridia,Lachnospirales,Lachnospiraceae,Blautia,Blautia brookingsii,0.9020833333333333,0.2972019398583306,0.3294617347159323,0.01
224,NR_180048.1,1,1509,6,1453,96.2889,5.49304,16.6,1.0,759821,Bacteria,unclassified Bacteria kingdom,Bacillota,Clostridia,Lachnospirales,Lachnospiraceae,Lacrimispora,Lacrimispora amygdalina,5.493041749502982,1.2192342267376828,0.22195975969925966,0.04
225,NR_180236.1,1,1370,4,1358,99.1241,3.82044,17.9,4.75,2494702,Bacteria,unclassified Bacteria kingdom,Pseudomonadota,Gammaproteobacteria,Enterobacterales,Enterobacteriaceae,Enterobacter,Enterobacter huaxiensis,3.8204379562043798,0.5388740202071541,0.14105032626744385,0.03
226,NR_180237.1,1,1528,2,1451,94.9607,1.68194,16.1,1.0,2497875,Bacteria,unclassified Bacteria kingdom,Pseudomonadota,Gammaproteobacteria,Enterobacterales,Enterobacteriaceae,Enterobacter,Enterobacter chuandaensis,1.681937172774869,0.5636348157067829,0.3351105052139939,0.01
227,NR_180450.1,1,1536,177,1509,98.2422,162.984,19.2,6.44,2529381,Bacteria,unclassified Bacteria kingdom,Pseudomonadota,Gammaproteobacteria,Enterobacterales,Enterobacteriaceae,Enterobacter,Enterobacter wuhouensis,162.984375,36.88313491659896,0.2262985940621545,1.26
228,NR_180619.1,1,1433,1,1304,90.9979,0.909979,21.4,1.0,2779352,Bacteria,unclassified Bacteria kingdom,Bacillota,Clostridia,Eubacteriales,Oscillospiraceae,Pseudoflavonifractor,Pseudoflavonifractor gallinarum,0.9099790648988136,0.28621175088506445,0.3145256434189397,0.01
229,NR_180797.1,1,1468,127,1465,99.7956,119.735,19.1,17.0,2605778,Bacteria,unclassified Bacteria kingdom,Bacillota,Clostridia,Eubacteriales,Clostridiaceae,Clostridium,Clostridium porci,119.7350136239782,15.6532574523332,0.13073249819381547,0.9
230,NR_180800.1,1,1432,1,1320,92.1788,0.921788,15.5,1.0,2652274,Bacteria,unclassified Bacteria kingdom,Bacillota,Clostridia,Lachnospirales,Lachnospiraceae,Eisenbergiella,Eisenbergiella porci,0.9217877094972067,0.2685053595686667,0.2912876325017657,0.01
231,NR_180820.1,1,1475,9,1456,98.7119,7.96949,17.4,6.11,2606632,Bacteria,unclassified Bacteria kingdom,Bacillota,Clostridia,Lachnospirales,Lachnospiraceae,Porcincola,Porcincola intestinalis,7.969491525423729,1.83480976128255,0.2302292129214599,0.06
232,NR_180822.1,1,1501,26,1457,97.0686,23.1186,18.7,5.35,2606636,Bacteria,unclassified Bacteria kingdom,Bacillota,Clostridia,Lachnospirales,Lachnospiraceae,Bilifractor,Bilifractor porci,23.11858760826116,5.2319224251045116,0.22630804760905657,0.18
233,NR_180823.1,1,1484,1,1286,86.6577,0.866577,15.6,1.0,2606634,Bacteria,unclassified Bacteria kingdom,Bacillota,Clostridia,Lachnospirales,Lachnospiraceae,Velocimicrobium,Velocimicrobium porci,0.866576819407008,0.34003152129389935,0.3923847415242198,0.01
234,NR_180825.1,1,1432,2,1394,97.3464,1.82542,15.7,3.0,2605790,Bacteria,unclassified Bacteria kingdom,Bacillota,Clostridia,Lachnospirales,Lachnospiraceae,Roseburia,Roseburia porci,1.8254189944134078,0.4440440335972223,0.24325595107544848,0.01
235,NR_180830.1,1,1459,5,1447,99.1775,4.4743,19.7,2.2,2606626,Bacteria,unclassified Bacteria kingdom,Bacteroidota,Bacteroidia,Bacteroidales,Muribaculaceae,Sodaliphilus,Sodaliphilus pleomorphus,4.474297464016449,0.9128532177685006,0.20402157547859107,0.04
236,NR_180833.1,1,1470,18,1447,98.4354,16.4633,18.9,5.0,2606635,Bacteria,unclassified Bacteria kingdom,Bacillota,Clostridia,Lachnospirales,Lachnospiraceae,Waltera,Waltera intestinalis,16.463265306122448,3.0469697589450435,0.18507687887480742,0.13
237,NR_181010.1,1,1412,2,1190,84.2776,1.42068,16.5,1.0,2786956,Bacteria,unclassified Bacteria kingdom,Bacteroidota,Bacteroidia,Bacteroidales,Bacteroidaceae,Phocaeicola,Phocaeicola faecalis,1.4206798866855523,0.7470983279942262,0.5258737981694155,0.01
238,NR_181211.1,1,1501,1,1005,66.9554,0.669554,16.9,1.0,2779518,Bacteria,unclassified Bacteria kingdom,Bacillota,Clostridia,Lachnospirales,Lachnospiraceae,Blautia,Blautia liquoris,0.6695536309127248,0.47037385795164205,0.7025185679456863,0.01
239,NR_181263.1,1,1465,12,1462,99.7952,11.5386,18.6,8.17,2726362,Bacteria,unclassified Bacteria kingdom,Bacillota,Clostridia,Lachnospirales,Lachnospiraceae,Faecalicatena,Faecalicatena faecalis,11.538566552901024,1.2148318300339183,0.10528446704920079,0.09
240,NR_181266.1,1,1489,3,1450,97.3808,2.61518,16.3,1.0,2800387,Bacteria,unclassified Bacteria kingdom,Bacteroidota,Bacteroidia,Bacteroidales,Prevotellaceae,Prevotella,Prevotella illustrans,2.6151779717931496,0.6888232623792622,0.2633944113206783,0.02
241,NR_181358.1,1,1404,50,1404,100.0,47.8177,19.1,5.56,2788944,Bacteria,unclassified Bacteria kingdom,Bacillota,Clostridia,Lachnospirales,Lachnospiraceae,Faecalicatena,Faecalicatena absiana,47.81766381766382,5.237882633781713,0.10953865612829965,0.35
242,NR_181369.1,1,1427,1,1335,93.5529,0.935529,18.0,1.0,2784388,Bacteria,unclassified Bacteria kingdom,Bacillota,Clostridia,Eubacteriales,Clostridiaceae,Clostridium,Clostridium vitabionis,0.9355290819901892,0.2455899402271676,0.2625144904151072,0.01
243,NR_181373.1,1,1507,1,1401,92.9662,0.929662,19.0,44.0,2762557,Bacteria,unclassified Bacteria kingdom,Campylobacterota,Epsilonproteobacteria,Campylobacterales,Campylobacteraceae,Campylobacter,Campylobacter massiliensis,0.9296615792966157,0.2557164978571739,0.27506407014329837,0.01
244,NR_181395.1,1,1394,2,1317,94.4763,1.80057,17.5,1.0,2763669,Bacteria,unclassified Bacteria kingdom,Bacillota,Clostridia,Lachnospirales,Lachnospiraceae,Qiania,Qiania dongpingensis,1.800573888091822,0.5197391609962815,0.2886519483780145,0.01
245,NR_181397.1,1,1401,3,1329,94.8608,2.71306,18.9,1.0,2763671,Bacteria,unclassified Bacteria kingdom,Bacillota,Clostridia,Lachnospirales,Lachnospiraceae,Jingyaoa,Jingyaoa shaoxingensis,2.7130620985010707,0.7378088223822148,0.2719468982261202,0.02
246,NR_181398.1,1,1390,130,1339,96.3309,118.982,19.2,9.94,2763667,Bacteria,unclassified Bacteria kingdom,Bacillota,Clostridia,Lachnospirales,Lachnospiraceae,Wansuia,Wansuia hejianensis,118.9820143884892,27.942136387010457,0.23484336292858807,0.92
247,NR_181402.1,1,1381,1,1309,94.7864,0.947864,17.2,1.0,2763028,Bacteria,unclassified Bacteria kingdom,Bacillota,Clostridia,Lachnospirales,Lachnospiraceae,Blautia,Blautia intestinalis,0.9478638667632151,0.2223014998777573,0.23452893149822981,0.01
248,NR_181407.1,1,1530,3,1441,94.183,2.51373,19.4,4.67,2850323,Bacteria,unclassified Bacteria kingdom,Bacillota,Clostridia,Lachnospirales,Lachnospiraceae,Diplocloster,Diplocloster agilis,2.5137254901960784,0.8173813458317101,0.32516730606409683,0.02
249,NR_181532.1,1,1419,23,1419,100.0,22.2023,19.6,55.3,2792859,Bacteria,unclassified Bacteria kingdom,Bacteroidota,Bacteroidia,Bacteroidales,Bacteroidaceae,Bacteroides,Bacteroides humanifaecis,22.202255109231853,1.5881326950598267,0.07153024263735579,0.16
250,NR_181885.1,1,1463,31,1457,99.5899,28.7389,18.0,5.48,2885351,Bacteria,unclassified Bacteria kingdom,Bacillota,Clostridia,Lachnospirales,Lachnospiraceae,Hominisplanchenecus,Hominisplanchenecus faecis,28.738892686261106,4.156890450007603,0.14464337562994706,0.22
251,NR_181946.1,1,1474,2,1452,98.5075,1.9213,20.3,22.0,2025884,Bacteria,unclassified Bacteria kingdom,Pseudomonadota,Gammaproteobacteria,Pasteurellales,Pasteurellaceae,Aggregatibacter,Aggregatibacter kilianii,1.9213025780189958,0.31992949851991415,0.16651697769009657,0.01