SequenceID	Pipeline	LibraryTube	LibraryBarcode	ExtractID	SampleID	Final Library Concentration	Volume Added to Pool (uL)	Seq ID	Run ID	LibraryTubeID
PAD-1-MGE-L96	16S_LSK	2	barcode02	DNA1-PAD-1-MGE	PAD-1-MGE	12	1.6	CM001	MIN_16_2023-12-21	L96
GIN-43-DRS-L130	16S_LSK	3	barcode03	DNA1-GIN-43-DRS	GIN-43-DRS	4.83	4.1	CM001	MIN_16_2023-12-21	L130
CHA-57-DRS-L131	16S_LSK	4	barcode04	DNA1-CHA-57-DRS	CHA-57-DRS	7.4	2.7	CM001	MIN_16_2023-12-21	L131
HAM-4-DRS-L132	16S_LSK	5	barcode05	DNA1-HAM-4-DRS	HAM-4-DRS	5	3.9	CM001	MIN_16_2023-12-21	L132
HAM-4-MGE-L133	16S_LSK	6	barcode06	DNA1-HAM-4-MGE	HAM-4-MGE	11	1.8	CM001	MIN_16_2023-12-21	L133
IRI-36-MGE-L134	16S_LSK	7	barcode07	DNA1-IRI-36-MGE	IRI-36-MGE	5.1	3.9	CM001	MIN_16_2023-12-21	L134
HER-44-DRS-L137	16S_LSK	8	barcode08	DNA1-HER-44-DRS	HER-44-DRS	12	1.6	CM001	MIN_16_2023-12-21	L137
HER-44-MGE-L138	16S_LSK	9	barcode09	DNA1-HER-44-MGE	HER-44-MGE	6.2	3.2	CM001	MIN_16_2023-12-21	L138
LAM-70-DRS-L143	16S_LSK	10	barcode10	DNA1-LAM-70-DRS	LAM-70-DRS	11	1.8	CM001	MIN_16_2023-12-21	L143
LAM-70-MGE-L144	16S_LSK	11	barcode11	DNA1-LAM-70-MGE	LAM-70-MGE	9.6	2	CM001	MIN_16_2023-12-21	L144
HER-2-DRS-L145	16S_LSK	12	barcode12	DNA1-HER-2-DRS	HER-2-DRS	12	1.6	CM001	MIN_16_2023-12-21	L145
HER-2-MGE-L146	16S_LSK	13	barcode13	DNA1-HER-2-MGE	HER-2-MGE	4.11	4.8	CM001	MIN_16_2023-12-21	L146
IRI-16-DRS-L147	16S_LSK	14	barcode14	DNA1-IRI-16-DRS	IRI-16-DRS	9.8	2	CM001	MIN_16_2023-12-21	L147
IRI-16-MGE-L148	16S_LSK	15	barcode15	DNA1-IRI-16-MGE	IRI-16-MGE	8.8	2.2	CM001	MIN_16_2023-12-21	L148
GIN-66-DRS-L155	16S_LSK	16	barcode16	DNA1-GIN-66-DRS	GIN-66-DRS	7	2.8	CM001	MIN_16_2023-12-21	L155
WOL-70-DRS-L157	16S_LSK	17	barcode17	DNA1-WOL-70-DRS	WOL-70-DRS	10	2	CM001	MIN_16_2023-12-21	L157
WOL-70-MGE-L158	16S_LSK	18	barcode18	DNA1-WOL-70-MGE	WOL-70-MGE	11	1.8	CM001	MIN_16_2023-12-21	L158
JAR-2-DRS-L159	16S_LSK	19	barcode19	DNA1-JAR-2-DRS	JAR-2-DRS	7.7	2.6	CM001	MIN_16_2023-12-21	L159
JAR-2-MGE-L160	16S_LSK	20	barcode20	DNA1-JAR-2-MGE	JAR-2-MGE	7.9	2.5	CM001	MIN_16_2023-12-21	L160
BUD-16-DRS-L161	16S_LSK	21	barcode21	DNA1-BUD-16-DRS	BUD-16-DRS	8.9	2.2	CM001	MIN_16_2023-12-21	L161
HAM-17-MGE-L175	16S_LSK	22	barcode22	DNA1-HAM-17-MGE	HAM-17-MGE	8.2	2.4	CM001	MIN_16_2023-12-21	L175
CHA-41-DRS-L176	16S_LSK	23	barcode23	DNA1-CHA-41-DRS	CHA-41-DRS	9.4	2.1	CM001	MIN_16_2023-12-21	L176
WOL-44-DRS-L177	16S_LSK	24	barcode24	DNA1-WOL-44-DRS	WOL-44-DRS	11	1.8	CM001	MIN_16_2023-12-21	L177
WOL-44-MGE-L178	16S_LSK	25	barcode25	DNA1-WOL-44-MGE	WOL-44-MGE	12	1.6	CM001	MIN_16_2023-12-21	L178
HER-58-DRS-L179	16S_LSK	26	barcode26	DNA1-HER-58-DRS	HER-58-DRS	15	1.3	CM001	MIN_16_2023-12-21	L179
HER-58-MGE-L180	16S_LSK	27	barcode27	DNA1-HER-58-MGE	HER-58-MGE	7.2	2.7	CM001	MIN_16_2023-12-21	L180
HER-17-MGE-L187	16S_LSK	28	barcode28	DNA1-HER-17-MGE	HER-17-MGE	6.4	3.1	CM001	MIN_16_2023-12-21	L187
IVY-36-MGE-L188	16S_LSK	29	barcode29	DNA1-IVY-36-MGE	IVY-36-MGE	11	1.8	CM001	MIN_16_2023-12-21	L188
GRO-41-DRS-L189	16S_LSK	30	barcode30	DNA1-GRO-41-DRS	GRO-41-DRS	2.12	9.3	CM001	MIN_16_2023-12-21	L189
GRO-41-MGE-L190	16S_LSK	31	barcode31	DNA1-GRO-41-MGE	GRO-41-MGE	8.3	2.4	CM001	MIN_16_2023-12-21	L190
KOR-44-DRS-L191	16S_LSK	32	barcode32	DNA1-KOR-44-DRS	KOR-44-DRS	13	1.5	CM001	MIN_16_2023-12-21	L191
KOR-44-MGE-L192	16S_LSK	33	barcode33	DNA1-KOR-44-MGE	KOR-44-MGE	7.1	2.8	CM001	MIN_16_2023-12-21	L192
MAR-41-MGE-L202	16S_LSK	34	barcode34	DNA1-MAR-41-MGE	MAR-41-MGE	4.21	4.7	CM001	MIN_16_2023-12-21	L202
JAR-44-DRS-L203	16S_LSK	35	barcode35	DNA1-JAR-44-DRS	JAR-44-DRS	8.8	2.2	CM001	MIN_16_2023-12-21	L203
JAR-44-MGE-L204	16S_LSK	36	barcode36	DNA1-JAR-44-MGE	JAR-44-MGE	1.97	10	CM001	MIN_16_2023-12-21	L204
KUB-58-DRS-L205	16S_LSK	37	barcode37	DNA1-KUB-58-DRS	KUB-58-DRS	1.2	16.4	CM001	MIN_16_2023-12-21	L205
KUB-58-MGE-L206	16S_LSK	38	barcode38	DNA1-KUB-58-MGE	KUB-58-MGE	3.05	6.4	CM001	MIN_16_2023-12-21	L206
HAM-67-DRS-L207	16S_LSK	39	barcode39	DNA1-HAM-67-DRS	HAM-67-DRS	3.25	6	CM001	MIN_16_2023-12-21	L207
HAM-67-MGE-L208	16S_LSK	40	barcode40	DNA1-HAM-67-MGE	HAM-67-MGE	2.35	8.4	CM001	MIN_16_2023-12-21	L208
MAR-70-DRS-L209	16S_LSK	41	barcode41	DNA1-MAR-70-DRS	MAR-70-DRS	4.68	4.2	CM001	MIN_16_2023-12-21	L209
GRO-36-MGE-L214	16S_LSK	42	barcode42	DNA1-GRO-36-MGE	GRO-36-MGE	9.2	2.1	CM001	MIN_16_2023-12-21	L214
KOR-58-MGE-L215	16S_LSK	43	barcode43	DNA1-KOR-58-MGE	KOR-58-MGE	3.33	5.9	CM001	MIN_16_2023-12-21	L215
GRO-70-DRS-L217	16S_LSK	44	barcode44	DNA1-GRO-70-DRS	GRO-70-DRS	3.51	5.6	CM001	MIN_16_2023-12-21	L217
LAM-2-DRS-L218	16S_LSK	45	barcode45	DNA1-LAM-2-DRS	LAM-2-DRS	1.65	11.9	CM001	MIN_16_2023-12-21	L218
LAM-2-MGE-L219	16S_LSK	46	barcode46	DNA1-LAM-2-MGE	LAM-2-MGE	1.21	16.2	CM001	MIN_16_2023-12-21	L219
JAR-3-DRS-L220	16S_LSK	47	barcode47	DNA1-JAR-3-DRS	JAR-3-DRS	4.14	4.7	CM001	MIN_16_2023-12-21	L220
JAR-3-MGE-L221	16S_LSK	48	barcode48	DNA1-JAR-3-MGE	JAR-3-MGE	2.19	9	CM001	MIN_16_2023-12-21	L221
GOO-4-DRS-L222	16S_LSK	49	barcode49	DNA1-GOO-4-DRS	GOO-4-DRS	10	2	CM001	MIN_16_2023-12-21	L222
GOO-4-MGE-L223	16S_LSK	50	barcode50	DNA1-GOO-4-MGE	GOO-4-MGE	1.6	12.3	CM001	MIN_16_2023-12-21	L223
MAR-37-MGE-L224	16S_LSK	51	barcode51	DNA1-MAR-37-MGE	MAR-37-MGE	1.94	10.1	CM001	MIN_16_2023-12-21	L224
JOA-3-MGE-L225	16S_LSK	52	barcode52	DNA1-JOA-3-MGE	JOA-3-MGE	4.64	4.2	CM001	MIN_16_2023-12-21	L225
IRI-16-MGE-S1	16S_Rap	1	barcode01	DNA1-IRI-16-MGE	IRI-16-MGE	7.2	0.6	CM002	MIN_16_2024-2-12	S1
WOL-70-MGE-S2	16S_Rap	2	barcode02	DNA1-WOL-70-MGE	WOL-70-MGE	4.55	0.9	CM002	MIN_16_2024-2-12	S2
JAR-2-DRS-S3	16S_Rap	3	barcode03	DNA1-JAR-2-DRS	JAR-2-DRS	7.4	0.5	CM002	MIN_16_2024-2-12	S3
JAR-2-MGE-S4	16S_Rap	4	barcode04	DNA1-JAR-2-MGE	JAR-2-MGE	8.9	0.5	CM002	MIN_16_2024-2-12	S4
HAM-17-MGE-S5	16S_Rap	5	barcode05	DNA1-HAM-17-MGE	HAM-17-MGE	1.64	2.4	CM002	MIN_16_2024-2-12	S5
WOL-44-MGE-S6	16S_Rap	6	barcode06	DNA1-WOL-44-MGE	WOL-44-MGE	7.2	0.6	CM002	MIN_16_2024-2-12	S6
GRO-41-MGE-S7	16S_Rap	7	barcode07	DNA1-GRO-41-MGE	GRO-41-MGE	6.9	0.6	CM002	MIN_16_2024-2-12	S7
KOR-44-MGE-S8	16S_Rap	8	barcode08	DNA1-KOR-44-MGE	KOR-44-MGE	2.79	1.4	CM002	MIN_16_2024-2-12	S8
MAR-41-MGE-S9	16S_Rap	9	barcode09	DNA1-MAR-41-MGE	MAR-41-MGE	7.9	0.5	CM002	MIN_16_2024-2-12	S9
JAR-44-MGE-S10	16S_Rap	10	barcode10	DNA1-JAR-44-MGE	JAR-44-MGE	2.21	1.8	CM002	MIN_16_2024-2-12	S10
KUB-58-MGE-S11	16S_Rap	11	barcode11	DNA1-KUB-58-MGE	KUB-58-MGE	6.5	0.6	CM002	MIN_16_2024-2-12	S11
HAM-67-MGE-S12	16S_Rap	12	barcode12	DNA1-HAM-67-MGE	HAM-67-MGE	7.5	0.5	CM002	MIN_16_2024-2-12	S12
GRO-36-MGE-S13	16S_Rap	13	barcode13	DNA1-GRO-36-MGE	GRO-36-MGE	6.5	0.6	CM002	MIN_16_2024-2-12	S13
KOR-58-MGE-S14	16S_Rap	14	barcode14	DNA1-KOR-58-MGE	KOR-58-MGE	7.2	0.6	CM002	MIN_16_2024-2-12	S14
GRO-70-DRS-S15	16S_Rap	15	barcode15	DNA1-GRO-70-DRS	GRO-70-DRS	7.3	0.6	CM002	MIN_16_2024-2-12	S15
LAM-2-DRS-S16	16S_Rap	16	barcode16	DNA1-LAM-2-DRS	LAM-2-DRS	8	0.5	CM002	MIN_16_2024-2-12	S16
LAM-2-MGE-S17	16S_Rap	17	barcode17	DNA1-LAM-2-MGE	LAM-2-MGE	5.6	0.7	CM002	MIN_16_2024-2-12	S17
JAR-3-DRS-S18	16S_Rap	18	barcode18	DNA1-JAR-3-DRS	JAR-3-DRS	5.6	0.7	CM002	MIN_16_2024-2-12	S18
JAR-3-MGE-S19	16S_Rap	19	barcode19	DNA1-JAR-3-MGE	JAR-3-MGE	4.96	0.8	CM002	MIN_16_2024-2-12	S19
GOO-4-DRS-S20	16S_Rap	20	barcode20	DNA1-GOO-4-DRS	GOO-4-DRS	7.9	0.5	CM002	MIN_16_2024-2-12	S20
GOO-4-MGE-S21	16S_Rap	21	barcode21	DNA1-GOO-4-MGE	GOO-4-MGE	7.1	0.6	CM002	MIN_16_2024-2-12	S21
MAR-37-MGE-S22	16S_Rap	22	barcode22	DNA1-MAR-37-MGE	MAR-37-MGE	7.1	0.6	CM002	MIN_16_2024-2-12	S22
JOA-3-MGE-S23	16S_Rap	23	barcode23	DNA1-JOA-3-MGE	JOA-3-MGE	5.9	0.7	CM002	MIN_16_2024-2-12	S23
CM-NTC-002	16S_Rap	24	barcode24	NTC	NTC2			CM002	MIN_16_2024-2-12	CTRL
PAD-6-MGE-S24	16S_Rap	1	barcode01	DNA1-PAD-6-MGE	PAD-6-MGE	0.433	9	CM003	MIN_16_2024-3-6	S24
IRI-11-MGE-S25	16S_Rap	2	barcode02	DNA1-IRI-11-MGE	IRI-11-MGE	0.0984	9	CM003	MIN_16_2024-3-6	S25
LAM-18-MGE-S26	16S_Rap	3	barcode03	DNA1-LAM-18-MGE	LAM-18-MGE	0.428	9	CM003	MIN_16_2024-3-6	S26
HER-19-MGE-S27	16S_Rap	4	barcode04	DNA1-HER-19-MGE	HER-19-MGE	0.253	9	CM003	MIN_16_2024-3-6	S27
MAR-36-MGE-S28	16S_Rap	5	barcode05	DNA1-MAR-36-MGE	MAR-36-MGE	0.13	9	CM003	MIN_16_2024-3-6	S28
KOR-20-DRS-S29	16S_Rap	6	barcode06	DNA1-KOR-20-DRS	KOR-20-DRS	0.714	5.6	CM003	MIN_16_2024-3-6	S29
KUB-20-MGE-S30	16S_Rap	7	barcode07	DNA1-KUB-20-MGE	KUB-20-MGE	0.225	9	CM003	MIN_16_2024-3-6	S30
IRI-29-MGE-S31	16S_Rap	8	barcode08	DNA1-IRI-29-MGE	IRI-29-MGE	0.307	9	CM003	MIN_16_2024-3-6	S31
HAM-31-MGE-S32	16S_Rap	9	barcode09	DNA1-HAM-31-MGE	HAM-31-MGE	5.2	0.8	CM003	MIN_16_2024-3-6	S32
JAR-32-DRS-S33	16S_Rap	10	barcode10	DNA1-JAR-32-DRS	JAR-32-DRS	5.2	0.8	CM003	MIN_16_2024-3-6	S33
JAR-32-MGE-S34	16S_Rap	11	barcode11	DNA1-JAR-32-MGE	JAR-32-MGE	5.5	0.7	CM003	MIN_16_2024-3-6	S34
FRA-44-DRS-S35	16S_Rap	12	barcode12	DNA1-FRA-44-DRS	FRA-44-DRS	5.3	0.8	CM003	MIN_16_2024-3-6	S35
IVY-45-MGE-S36	16S_Rap	13	barcode13	DNA1-IVY-45-MGE	IVY-45-MGE	6.4	0.6	CM003	MIN_16_2024-3-6	S36
LAM-46-MGE-S37	16S_Rap	14	barcode14	DNA1-LAM-46-MGE	LAM-46-MGE	5.5	0.7	CM003	MIN_16_2024-3-6	S37
CHA-46-MGE-S38	16S_Rap	15	barcode15	DNA1-CHA-46-MGE	CHA-46-MGE	6.8	0.6	CM003	MIN_16_2024-3-6	S38
IRI-48-MGE-S39	16S_Rap	16	barcode16	DNA1-IRI-48-MGE	IRI-48-MGE	6.7	0.6	CM003	MIN_16_2024-3-6	S39
MAR-48-MGE-S40	16S_Rap	17	barcode17	DNA1-MAR-48-MGE	MAR-48-MGE	5.6	0.7	CM003	MIN_16_2024-3-6	S40
KUB-50-MGE-S41	16S_Rap	18	barcode18	DNA1-KUB-50-MGE	KUB-50-MGE	7.4	0.5	CM003	MIN_16_2024-3-6	S41
GIN-58-MGE-S42	16S_Rap	19	barcode19	DNA1-GIN-58-MGE	GIN-58-MGE	6.2	0.6	CM003	MIN_16_2024-3-6	S42
GOO-59-MGE-S43	16S_Rap	20	barcode20	DNA1-GOO-59-MGE	GOO-59-MGE	6.4	0.6	CM003	MIN_16_2024-3-6	S43
HAM-22-MGE-S44	16S_Rap	21	barcode21	DNA1-HAM-22-MGE	HAM-22-MGE	4.71	0.9	CM003	MIN_16_2024-3-6	S44
KUB-24-MGE-S45	16S_Rap	22	barcode22	DNA1-KUB-24-MGE	KUB-24-MGE	8.6	0.5	CM003	MIN_16_2024-3-6	S45
GRO-24-MGE-S46	16S_Rap	23	barcode23	DNA1-GRO-24-MGE	GRO-24-MGE	8.3	0.5	CM003	MIN_16_2024-3-6	S46
CM-NTC-003	16S_Rap	24	barcode24	NTC	NTC3			CM003	MIN_16_2024-3-6	CTRL
BUD-28-MGE-S47	16S_Rap	1	barcode01	DNA1-BUD-28-MGE	BUD-28-MGE	7.3	0.6	CM004	MIN_16_2024-2-29	S47
HER-67-MGE-S48	16S_Rap	2	barcode02	DNA1-HER-67-MGE	HER-67-MGE	5.3	0.8	CM004	MIN_16_2024-2-29	S48
IVY-67-MGE-S49	16S_Rap	3	barcode03	DNA1-IVY-67-MGE	IVY-67-MGE	5.5	0.7	CM004	MIN_16_2024-2-29	S49
JAR-68-MGE-S50	16S_Rap	4	barcode04	DNA1-JAR-68-MGE	JAR-68-MGE	4.66	0.9	CM004	MIN_16_2024-2-29	S50
FRA-68-MGE-S51	16S_Rap	5	barcode05	DNA1-FRA-68-MGE	FRA-68-MGE	1.87	2.1	CM004	MIN_16_2024-2-29	S51
JOA-36-MGE-S52	16S_Rap	6	barcode06	DNA1-JOA-36-MGE	JOA-36-MGE	6.8	0.6	CM004	MIN_16_2024-2-29	S52
IVY-44-DRS-S53	16S_Rap	7	barcode07	DNA1-IVY-44-DRS	IVY-44-DRS	2.32	1.7	CM004	MIN_16_2024-2-29	S53
IVY-44-MGE-S54	16S_Rap	8	barcode08	DNA1-IVY-44-MGE	IVY-44-MGE	2.58	1.6	CM004	MIN_16_2024-2-29	S54
CHA-44-MGE-S55	16S_Rap	9	barcode09	DNA1-CHA-44-MGE	CHA-44-MGE	8.2	0.5	CM004	MIN_16_2024-2-29	S55
JAR-45-MGE-S56	16S_Rap	10	barcode10	DNA1-JAR-45-MGE	JAR-45-MGE	5.4	0.7	CM004	MIN_16_2024-2-29	S56
FRA-45-DRS-S57	16S_Rap	11	barcode11	DNA1-FRA-45-DRS	FRA-45-DRS	5.7	0.7	CM004	MIN_16_2024-2-29	S57
GOO-46-DRS-S58	16S_Rap	12	barcode12	DNA1-GOO-46-DRS	GOO-46-DRS	6.7	0.6	CM004	MIN_16_2024-2-29	S58
GRO-46-DRS-S59	16S_Rap	13	barcode13	DNA1-GRO-46-DRS	GRO-46-DRS	6.3	0.6	CM004	MIN_16_2024-2-29	S59
GRO-46-MGE-S60	16S_Rap	14	barcode14	DNA1-GRO-46-MGE	GRO-46-MGE	7.3	0.6	CM004	MIN_16_2024-2-29	S60
LAM-48-MGE-S61	16S_Rap	15	barcode15	DNA1-LAM-48-MGE	LAM-48-MGE	4.15	1	CM004	MIN_16_2024-2-29	S61
HEN-36-MGE-S62	16S_Rap	16	barcode16	DNA1-HEN-36-MGE	HEN-36-MGE	3.12	1.3	CM004	MIN_16_2024-2-29	S62
HAM-41-DRS-S63	16S_Rap	17	barcode17	DNA1-HAM-41-DRS	HAM-41-DRS	5.3	0.8	CM004	MIN_16_2024-2-29	S63
HAM-41-MGE-S64	16S_Rap	18	barcode18	DNA1-HAM-41-MGE	HAM-41-MGE	6	0.7	CM004	MIN_16_2024-2-29	S64
JOA-41-DRS-S65	16S_Rap	19	barcode19	DNA1-JOA-41-DRS	JOA-41-DRS	4.7	0.9	CM004	MIN_16_2024-2-29	S65
JOA-41-MGE-S66	16S_Rap	20	barcode20	DNA1-JOA-41-MGE	JOA-41-MGE	8.4	0.5	CM004	MIN_16_2024-2-29	S66
IRI-44-MGE-S67	16S_Rap	21	barcode21	DNA1-IRI-44-MGE	IRI-44-MGE	4.68	0.9	CM004	MIN_16_2024-2-29	S67
GRO-44-DRS-S68	16S_Rap	22	barcode22	DNA1-GRO-44-DRS	GRO-44-DRS	7.8	0.5	CM004	MIN_16_2024-2-29	S68
BUD-48-MGE-S69	16S_Rap	23	barcode23	DNA1-BUD-48-MGE	BUD-48-MGE	4.99	0.8	CM004	MIN_16_2024-2-29	S69
CM-NTC-004	16S_Rap	24	barcode24	NTC	NTC4			CM004	MIN_16_2024-2-29	CTRL
JAR-49-DRS-S70	16S_Rap	1	barcode01	DNA1-JAR-49-DRS	JAR-49-DRS	5.8	0.7	CM005	MIN_16_2024-3-1	S70
FRA-9-MGE-S71	16S_Rap	2	barcode02	DNA1-FRA-9-MGE	FRA-9-MGE	4.56	0.9	CM005	MIN_16_2024-3-1	S71
HER-11-MGE-S72	16S_Rap	3	barcode03	DNA1-HER-11-MGE	HER-11-MGE	6.1	0.7	CM005	MIN_16_2024-3-1	S72
PAD-11-MGE-S73	16S_Rap	4	barcode04	DNA1-PAD-11-MGE	PAD-11-MGE	5.1	0.8	CM005	MIN_16_2024-3-1	S73
KUB-14-MGE-S74	16S_Rap	5	barcode05	DNA1-KUB-14-MGE	KUB-14-MGE	2.87	1.4	CM005	MIN_16_2024-3-1	S74
GIN-14-MGE-S75	16S_Rap	6	barcode06	DNA1-GIN-14-MGE	GIN-14-MGE	5.5	0.7	CM005	MIN_16_2024-3-1	S75
GOO-42-MGE-S76	16S_Rap	7	barcode07	DNA1-GOO-42-MGE	GOO-42-MGE	2.49	1.6	CM005	MIN_16_2024-3-1	S76
LAM-44-DRS-S77	16S_Rap	8	barcode08	DNA1-LAM-44-DRS	LAM-44-DRS	4.58	0.9	CM005	MIN_16_2024-3-1	S77
MAR-44-MGE-S78	16S_Rap	9	barcode09	DNA1-MAR-44-MGE	MAR-44-MGE	1.54	2.6	CM005	MIN_16_2024-3-1	S78
OPH-45-MGE-S79	16S_Rap	10	barcode10	DNA1-OPH-45-MGE	OPH-45-MGE	3.34	1.2	CM005	MIN_16_2024-3-1	S79
IRI-46-MGE-S80	16S_Rap	11	barcode11	DNA1-IRI-46-MGE	IRI-46-MGE	6.2	0.6	CM005	MIN_16_2024-3-1	S80
BUD-46-MGE-S81	16S_Rap	12	barcode12	DNA1-BUD-46-MGE	BUD-46-MGE	3.02	1.3	CM005	MIN_16_2024-3-1	S81
PAD-5-MGE-S82	16S_Rap	13	barcode13	DNA1-PAD-5-MGE	PAD-5-MGE	5.8	0.7	CM005	MIN_16_2024-3-1	S82
KOR-6-DRS-S83	16S_Rap	14	barcode14	DNA1-KOR-6-DRS	KOR-6-DRS	3.15	1.3	CM005	MIN_16_2024-3-1	S83
KOR-6-MGE-S84	16S_Rap	15	barcode15	DNA1-KOR-6-MGE	KOR-6-MGE	6.9	0.6	CM005	MIN_16_2024-3-1	S84
IRI-7-DRS-S85	16S_Rap	16	barcode16	DNA1-IRI-7-DRS	IRI-7-DRS	6.6	0.6	CM005	MIN_16_2024-3-1	S85
IRI-7-MGE-S86	16S_Rap	17	barcode17	DNA1-IRI-7-MGE	IRI-7-MGE	6.3	0.6	CM005	MIN_16_2024-3-1	S86
GIN-7-DRS-S87	16S_Rap	18	barcode18	DNA1-GIN-7-DRS	GIN-7-DRS	6.2	0.6	CM005	MIN_16_2024-3-1	S87
GIN-7-MGE-S88	16S_Rap	19	barcode19	DNA1-GIN-7-MGE	GIN-7-MGE	6.6	0.6	CM005	MIN_16_2024-3-1	S88
JOA-21-MGE-S89	16S_Rap	20	barcode20	DNA1-JOA-21-MGE	JOA-21-MGE	5.3	0.8	CM005	MIN_16_2024-3-1	S89
IVY-24-MGE-S90	16S_Rap	21	barcode21	DNA1-IVY-24-MGE	IVY-24-MGE	6.5	0.6	CM005	MIN_16_2024-3-1	S90
MAR-24-DRS-S91	16S_Rap	22	barcode22	DNA1-MAR-24-DRS	MAR-24-DRS	5.2	0.8	CM005	MIN_16_2024-3-1	S91
IVY-24-DRS-S92	16S_Rap	23	barcode23	DNA1-IVY-24-DRS	IVY-24-DRS	5.8	0.7	CM005	MIN_16_2024-3-1	S92
CM-NTC-005	16S_Rap	24	barcode24	NTC	NTC5			CM005	MIN_16_2024-3-1	CTRL
OPH-37-MGE-S93	16S_Rap	1	barcode01	DNA1-OPH-37-MGE	OPH-37-MGE	4.26	0.9	CM006	MIN_16_2024-5-19	S93
GRO-37-MGE-S94	16S_Rap	2	barcode02	DNA1-GRO-37-MGE	GRO-37-MGE	5.4	0.7	CM006	MIN_16_2024-5-19	S94
OPH-55-MGE-S95	16S_Rap	3	barcode03	DNA1-OPH-55-MGE	OPH-55-MGE	1.43	2.8	CM006	MIN_16_2024-5-19	S95
GIN-55-DRS-S96	16S_Rap	4	barcode04	DNA1-GIN-55-DRS	GIN-55-DRS	2.08	1.9	CM006	MIN_16_2024-5-19	S96
GIN-55-MGE-S97	16S_Rap	5	barcode05	DNA1-GIN-55-MGE	GIN-55-MGE	0.788	5.1	CM006	MIN_16_2024-5-19	S97
BUD-56-MGE-S98	16S_Rap	6	barcode06	DNA1-BUD-56-MGE	BUD-56-MGE	2.35	1.7	CM006	MIN_16_2024-5-19	S98
GOO-58-MGE-S99	16S_Rap	7	barcode07	DNA1-GOO-58-MGE	GOO-58-MGE	1.49	2.7	CM006	MIN_16_2024-5-19	S99
OPH-59-MGE-S100	16S_Rap	8	barcode08	DNA1-OPH-59-MGE	OPH-59-MGE	2.5	1.6	CM006	MIN_16_2024-5-19	S100
IRI-60-MGE-S101	16S_Rap	9	barcode09	DNA1-IRI-60-MGE	IRI-60-MGE	2.05	2	CM006	MIN_16_2024-5-19	S101
MAR-60-MGE-S102	16S_Rap	10	barcode10	DNA1-MAR-60-MGE	MAR-60-MGE	1.02	3.9	CM006	MIN_16_2024-5-19	S102
IVY-9-MGE-S103	16S_Rap	11	barcode11	DNA1-IVY-9-MGE	IVY-9-MGE	8.2	0.5	CM006	MIN_16_2024-5-19	S103
HEN-9-DRS-S104	16S_Rap	12	barcode12	DNA1-HEN-9-DRS	HEN-9-DRS	6.1	0.7	CM006	MIN_16_2024-5-19	S104
HEN-9-MGE-S105	16S_Rap	13	barcode13	DNA1-HEN-9-MGE	HEN-9-MGE	6.2	0.6	CM006	MIN_16_2024-5-19	S105
HER-14-MGE-S106	16S_Rap	14	barcode14	DNA1-HER-14-MGE	HER-14-MGE	3.06	1.3	CM006	MIN_16_2024-5-19	S106
WOL-14-MGE-S107	16S_Rap	15	barcode15	DNA1-WOL-14-MGE	WOL-14-MGE	1.98	2	CM006	MIN_16_2024-5-19	S107
KUB-37-MGE-S108	16S_Rap	16	barcode16	DNA1-KUB-37-MGE	KUB-37-MGE	5.6	0.7	CM006	MIN_16_2024-5-19	S108
JAR-50-MGE-S109	16S_Rap	17	barcode17	DNA1-JAR-50-MGE	JAR-50-MGE	3.88	1	CM006	MIN_16_2024-5-19	S109
CHA-50-MGE-S110	16S_Rap	18	barcode18	DNA1-CHA-50-MGE	CHA-50-MGE	3.38	1.2	CM006	MIN_16_2024-5-19	S110
FRA-56-MGE-S111	16S_Rap	19	barcode19	DNA1-FRA-56-MGE	FRA-56-MGE	1.35	3	CM006	MIN_16_2024-5-19	S111
GOO-37-MGE-S112	16S_Rap	20	barcode20	DNA1-GOO-37-MGE	GOO-37-MGE	1.71	2.3	CM006	MIN_16_2024-5-19	S112
OPH-48-MGE-S113	16S_Rap	21	barcode21	DNA1-OPH-48-MGE	OPH-48-MGE	2.82	1.4	CM006	MIN_16_2024-5-19	S113
FRA-48-MGE-S114	16S_Rap	22	barcode22	DNA1-FRA-48-MGE	FRA-48-MGE	2.29	1.8	CM006	MIN_16_2024-5-19	S114
WOL-49-MGE-S115	16S_Rap	23	barcode23	DNA1-WOL-49-MGE	WOL-49-MGE	2.75	1.5	CM006	MIN_16_2024-5-19	S115
CM-NTC-006	16S_Rap	24	barcode24	NTC	NTC6	0.0269	1.6	CM006	MIN_16_2024-5-19	CTRL
CHA-49-MGE-S116	16S_Rap	1	barcode01	DNA1-CHA-49-MGE	CHA-49-MGE	7.2	0.6	CM007	MIN_16-2024-5-21	S116
LAM-50-MGE-S117	16S_Rap	2	barcode02	DNA1-LAM-50-MGE	LAM-50-MGE	2.46	1.6	CM007	MIN_16-2024-5-21	S117
BUD-50-MGE-S118	16S_Rap	3	barcode03	DNA1-BUD-50-MGE	BUD-50-MGE	4.75	0.8	CM007	MIN_16-2024-5-21	S118
JOA-51-MGE-S119	16S_Rap	4	barcode04	DNA1-JOA-51-MGE	JOA-51-MGE	1.46	2.8	CM007	MIN_16-2024-5-21	S119
LAM-37-MGE-S120	16S_Rap	5	barcode05	DNA1-LAM-37-MGE	LAM-37-MGE	0.926	4.3	CM007	MIN_16-2024-5-21	S120
GOO-44-MGE-S121	16S_Rap	6	barcode06	DNA1-GOO-44-MGE	GOO-44-MGE	0.541	7.4	CM007	MIN_16-2024-5-21	S121
JOA-44-MGE-S122	16S_Rap	7	barcode07	DNA1-JOA-44-MGE	JOA-44-MGE	1.27	3.2	CM007	MIN_16-2024-5-21	S122
IVY-46-MGE-S123	16S_Rap	8	barcode08	DNA1-IVY-46-MGE	IVY-46-MGE	3.63	1.1	CM007	MIN_16-2024-5-21	S123
KUB-48-MGE-S124	16S_Rap	9	barcode09	DNA1-KUB-48-MGE	KUB-48-MGE	2.06	2	CM007	MIN_16-2024-5-21	S124
FRA-49-MGE-S125	16S_Rap	10	barcode10	DNA1-FRA-49-MGE	FRA-49-MGE	0.662	6.1	CM007	MIN_16-2024-5-21	S125
HEN-42-MGE-S126	16S_Rap	11	barcode11	DNA1-HEN-42-MGE	HEN-42-MGE	7.6	0.5	CM007	MIN_16-2024-5-21	S126
HER-45-MGE-S127	16S_Rap	12	barcode12	DNA1-HER-45-MGE	HER-45-MGE	5.2	0.8	CM007	MIN_16-2024-5-21	S127
GRO-45-MGE-S128	16S_Rap	13	barcode13	DNA1-GRO-45-MGE	GRO-45-MGE	1.66	2.4	CM007	MIN_16-2024-5-21	S128
OPH-49-MGE-S129	16S_Rap	14	barcode14	DNA1-OPH-49-MGE	OPH-49-MGE	0.581	6.9	CM007	MIN_16-2024-5-21	S129
GIN-49-MGE-S130	16S_Rap	15	barcode15	DNA1-GIN-49-MGE	GIN-49-MGE	2.82	1.4	CM007	MIN_16-2024-5-21	S130
CHA-51-MGE-S131	16S_Rap	16	barcode16	DNA1-CHA-51-MGE	CHA-51-MGE	1.9	2.1	CM007	MIN_16-2024-5-21	S131
KUB-30-MGE-S132	16S_Rap	17	barcode17	DNA1-KUB-30-MGE	KUB-30-MGE	3.63	1.1	CM007	MIN_16-2024-5-21	S132
GIN-47-MGE-S133	16S_Rap	18	barcode18	DNA1-GIN-47-MGE	GIN-47-MGE	5.7	0.7	CM007	MIN_16-2024-5-21	S133
KOR-49-MGE-S134	16S_Rap	19	barcode19	DNA1-KOR-49-MGE	KOR-49-MGE	0.0917	43.8	CM007	MIN_16-2024-5-21	S134
HEN-59-MGE-S135	16S_Rap	20	barcode20	DNA1-HEN-59-MGE	HEN-59-MGE	4.32	0.9	CM007	MIN_16-2024-5-21	S135
WOL-60-MGE-S136	16S_Rap	21	barcode21	DNA1-WOL-60-MGE	WOL-60-MGE	3.18	1.3	CM007	MIN_16-2024-5-21	S136
JOA-62-MGE-S137	16S_Rap	22	barcode22	DNA1-JOA-62-MGE	JOA-62-MGE	4.89	0.8	CM007	MIN_16-2024-5-21	S137
FRA-22-MGE-S138	16S_Rap	23	barcode23	DNA1-FRA-22-MGE	FRA-22-MGE	5.1	0.8	CM007	MIN_16-2024-5-21	S138
CM-NTC-007	16S_Rap	24	barcode24	NTC	NTC7	0.0157	255.9	CM007	MIN_16-2024-5-21	CTRL
GOO-22-MGE-S139	16S_Rap	1	barcode01	DNA1-GOO-22-MGE	GOO-22-MGE	5.6	0.7	CM008	MIN_16-2024-6-11	S139
HAM-23-MGE-S140	16S_Rap	2	barcode02	DNA1-HAM-23-MGE	HAM-23-MGE	1.03	3.9	CM008	MIN_16-2024-6-11	S140
IRI-23-MGE-S141	16S_Rap	3	barcode03	DNA1-IRI-23-MGE	IRI-23-MGE	1.72	2.3	CM008	MIN_16-2024-6-11	S141
HER-24-MGE-S142	16S_Rap	4	barcode04	DNA1-HER-24-MGE	HER-24-MGE	2.37	1.7	CM008	MIN_16-2024-6-11	S142
JOA-24-MGE-S143	16S_Rap	5	barcode05	DNA1-JOA-24-MGE	JOA-24-MGE	1.05	3.8	CM008	MIN_16-2024-6-11	S143
BUD-52-MGE-S144	16S_Rap	6	barcode06	DNA1-BUD-52-MGE	BUD-52-MGE	1.73	2.3	CM008	MIN_16-2024-6-11	S144
GIN-52-MGE-S145	16S_Rap	7	barcode07	DNA1-GIN-52-MGE	GIN-52-MGE	3.87	1	CM008	MIN_16-2024-6-11	S145
HER-53-MGE-S146	16S_Rap	8	barcode08	DNA1-HER-53-MGE	HER-53-MGE	1.43	2.8	CM008	MIN_16-2024-6-11	S146
FRA-53-MGE-S147	16S_Rap	9	barcode09	DNA1-FRA-53-MGE	FRA-53-MGE	1.68	2.4	CM008	MIN_16-2024-6-11	S147
MAR-53-MGE-S148	16S_Rap	10	barcode10	DNA1-MAR-53-MGE	MAR-53-MGE	2.76	1.5	CM008	MIN_16-2024-6-11	S148
LAM-55-MGE-S149	16S_Rap	11	barcode11	DNA1-LAM-55-MGE	LAM-55-MGE	2.21	1.8	CM008	MIN_16-2024-6-11	S149
CHA-55-MGE-S150	16S_Rap	12	barcode12	DNA1-CHA-55-MGE	CHA-55-MGE	3.49	1.2	CM008	MIN_16-2024-6-11	S150
GRO-56-MGE-S151	16S_Rap	13	barcode13	DNA1-GRO-56-MGE	GRO-56-MGE	7.5	0.5	CM008	MIN_16-2024-6-11	S151
JOA-56-MGE-S152	16S_Rap	14	barcode14	DNA1-JOA-56-MGE	JOA-56-MGE	2.71	1.5	CM008	MIN_16-2024-6-11	S152
WOL-58-MGE-S153	16S_Rap	15	barcode15	DNA1-WOL-58-MGE	WOL-58-MGE	4.6	0.9	CM008	MIN_16-2024-6-11	S153
JOA-60-MGE-S154	16S_Rap	16	barcode16	DNA1-JOA-60-MGE	JOA-60-MGE	1.61	2.5	CM008	MIN_16-2024-6-11	S154
IRI-17-MGE-S155	16S_Rap	17	barcode17	DNA1-IRI-17-MGE	IRI-17-MGE	2.17	1.9	CM008	MIN_16-2024-6-11	S155
LAM-17-MGE-S156	16S_Rap	18	barcode18	DNA1-LAM-17-MGE	LAM-17-MGE	2.7	1.5	CM008	MIN_16-2024-6-11	S156
HAM-18-MGE-S157	16S_Rap	19	barcode19	DNA1-HAM-18-MGE	HAM-18-MGE	1.43	2.8	CM008	MIN_16-2024-6-11	S157
WOL-18-MGE-S158	16S_Rap	20	barcode20	DNA1-WOL-18-MGE	WOL-18-MGE	1.71	2.3	CM008	MIN_16-2024-6-11	S158
OPH-19-MGE-S159	16S_Rap	21	barcode21	DNA1-OPH-19-MGE	OPH-19-MGE	2.54	1.6	CM008	MIN_16-2024-6-11	S159
FRA-19-MGE-S160	16S_Rap	22	barcode22	DNA1-FRA-19-MGE	FRA-19-MGE	4.48	0.9	CM008	MIN_16-2024-6-11	S160
GOO-20-MGE-S161	16S_Rap	23	barcode23	DNA1-GOO-20-MGE	GOO-20-MGE	3.48	1.2	CM008	MIN_16-2024-6-11	S161
CM-NTC-008	16S_Rap	24	barcode24	NTC	NTC8	0.668	6	CM008	MIN_16-2024-6-11	CTRL
HEN-29-MGE-S162	16S_Rap	1	barcode01	DNA1-HEN-29-MGE	HEN-29-MGE	3.57	1.1	CM009	MIN_16_2024-7-19	S162
WOL-1-MGE-S163	16S_Rap	2	barcode02	DNA1-WOL-1-MGE	WOL-1-MGE	1.84	2.2	CM009	MIN_16_2024-7-19	S163
IVY-29-MGE-S164	16S_Rap	3	barcode03	DNA1-IVY-29-MGE	IVY-29-MGE	5.4	0.7	CM009	MIN_16_2024-7-19	S164
BUD-57-MGE-S165	16S_Rap	4	barcode04	DNA1-BUD-57-MGE	BUD-57-MGE	5.2	0.8	CM009	MIN_16_2024-7-19	S165
JOA-57-MGE-S166	16S_Rap	5	barcode05	DNA1-JOA-57-MGE	JOA-57-MGE	0.849	4.7	CM009	MIN_16_2024-7-19	S166
IRI-59-MGE-S167	16S_Rap	6	barcode06	DNA1-IRI-59-MGE	IRI-59-MGE	1.82	2.2	CM009	MIN_16_2024-7-19	S167
KOR-29-MGE-S168	16S_Rap	7	barcode07	DNA1-KOR-29-MGE	KOR-29-MGE	2.92	1.4	CM009	MIN_16_2024-7-19	S168
WOL-37-MGE-S169	16S_Rap	8	barcode08	DNA1-WOL-37-MGE	WOL-37-MGE	3.43	1.2	CM009	MIN_16_2024-7-19	S169
JOA-14-MGE-S170	16S_Rap	9	barcode09	DNA1-JOA-14-MGE	JOA-14-MGE	6.7	0.6	CM009	MIN_16_2024-7-19	S170
GIN-27-MGE-S171	16S_Rap	10	barcode10	DNA1-GIN-27-MGE	GIN-27-MGE	3.1	1.3	CM009	MIN_16_2024-7-19	S171
OPH-57-MGE-S172	16S_Rap	11	barcode11	DNA1-OPH-57-MGE	OPH-57-MGE	4.89	0.8	CM009	MIN_16_2024-7-19	S172
HEN-66-MGE-S173	16S_Rap	12	barcode12	DNA1-HEN-66-MGE	HEN-66-MGE	3.61	1.1	CM009	MIN_16_2024-7-19	S173
GIN-2-MGE-S174	16S_Rap	13	barcode13	DNA1-GIN-2-MGE	GIN-2-MGE	3.33	1.2	CM009	MIN_16_2024-7-19	S174
HER-1-MGE-S175	16S_Rap	14	barcode14	DNA1-HER-1-MGE	HER-1-MGE	7.9	0.5	CM009	MIN_16_2024-7-19	S175
JAR-15-MGE-S176	16S_Rap	15	barcode15	DNA1-JAR-15-MGE	JAR-15-MGE	7.7	0.5	CM009	MIN_16_2024-7-19	S176
GIN-29-MGE-S177	16S_Rap	16	barcode16	DNA1-GIN-29-MGE	GIN-29-MGE	7.9	0.5	CM009	MIN_16_2024-7-19	S177
OPH-43-MGE-S178	16S_Rap	17	barcode17	DNA1-OPH-43-MGE	OPH-43-MGE	6.5	0.6	CM009	MIN_16_2024-7-19	S178
WOL-57-MGE-S179	16S_Rap	18	barcode18	DNA1-WOL-57-MGE	WOL-57-MGE	7.4	0.5	CM009	MIN_16_2024-7-19	S179
KUB-15-MGE-S180	16S_Rap	19	barcode19	DNA1-KUB-15-MGE	KUB-15-MGE	2.54	1.6	CM009	MIN_16_2024-7-19	S180
JOA-29-MGE-S181	16S_Rap	20	barcode20	DNA1-JOA-29-MGE	JOA-29-MGE	6.1	0.7	CM009	MIN_16_2024-7-19	S181
HAM-59-MGE-S182	16S_Rap	21	barcode21	DNA1-HAM-59-MGE	HAM-59-MGE	3.21	1.3	CM009	MIN_16_2024-7-19	S182
IVY-70-MGE-S183	16S_Rap	22	barcode22	DNA1-IVY-70-MGE	IVY-70-MGE	3.13	1.3	CM009	MIN_16_2024-7-19	S183
JAR-29-MGE-S184	16S_Rap	23	barcode23	DNA1-JAR-29-MGE	JAR-29-MGE	4.38	0.9	CM009	MIN_16_2024-7-19	S184
CM-NTC-009	16S_Rap	24	barcode24	NTC	NTC9	2.27	1.8	CM009	MIN_16_2024-7-19	CTRL
JAR-21-MGE-S185	16S_Rap	1	barcode01	DNA1-JAR-21-MGE	JAR-21-MGE	7	0.6	CM010	MIN_16_2024-7-21	S185
KUB-21-MGE-S186	16S_Rap	2	barcode02	DNA1-KUB-21-MGE	KUB-21-MGE	2.54	1.6	CM010	MIN_16_2024-7-21	S186
KOR-21-MGE-S187	16S_Rap	3	barcode03	DNA1-KOR-21-MGE	KOR-21-MGE	3.5	1.1	CM010	MIN_16_2024-7-21	S187
IRI-22-MGE-S188	16S_Rap	4	barcode04	DNA1-IRI-22-MGE	IRI-22-MGE	4.44	0.9	CM010	MIN_16_2024-7-21	S188
GRO-22-MGE-S189	16S_Rap	5	barcode05	DNA1-GRO-22-MGE	GRO-22-MGE	2.92	1.4	CM010	MIN_16_2024-7-21	S189
HAM-25-MGE-S190	16S_Rap	6	barcode06	DNA1-HAM-25-MGE	HAM-25-MGE	2.15	1.9	CM010	MIN_16_2024-7-21	S190
LAM-25-MGE-S191	16S_Rap	7	barcode07	DNA1-LAM-25-MGE	LAM-25-MGE	2.31	1.7	CM010	MIN_16_2024-7-21	S191
BUD-44-MGE-S192	16S_Rap	8	barcode08	DNA1-BUD-44-MGE	BUD-44-MGE	3.85	1	CM010	MIN_16_2024-7-21	S192
WOL-17-MGE-S193	16S_Rap	9	barcode09	DNA1-WOL-17-MGE	WOL-17-MGE	5.5	0.7	CM010	MIN_16_2024-7-21	S193
GIN-46-MGE-S194	16S_Rap	10	barcode10	DNA1-GIN-46-MGE	GIN-46-MGE	2.02	2	CM010	MIN_16_2024-7-21	S194
FRA-47-MGE-S195	16S_Rap	11	barcode11	DNA1-FRA-47-MGE	FRA-47-MGE	3.92	1	CM010	MIN_16_2024-7-21	S195
IVY-47-MGE-S196	16S_Rap	12	barcode12	DNA1-IVY-47-MGE	IVY-47-MGE	2.44	1.6	CM010	MIN_16_2024-7-21	S196
KOR-48-MGE-S197	16S_Rap	13	barcode13	DNA1-KOR-48-MGE	KOR-48-MGE	3.78	1.1	CM010	MIN_16_2024-7-21	S197
HEN-48-MGE-S198	16S_Rap	14	barcode14	DNA1-HEN-48-MGE	HEN-48-MGE	2.08	1.9	CM010	MIN_16_2024-7-21	S198
MAR-49-MGE-S199	16S_Rap	15	barcode15	DNA1-MAR-49-MGE	MAR-49-MGE	2.87	1.4	CM010	MIN_16_2024-7-21	S199
JOA-49-MGE-S200	16S_Rap	16	barcode16	DNA1-JOA-49-MGE	JOA-49-MGE	1.7	2.4	CM010	MIN_16_2024-7-21	S200
GRO-50-MGE-S201	16S_Rap	17	barcode17	DNA1-GRO-50-MGE	GRO-50-MGE	5.4	0.7	CM010	MIN_16_2024-7-21	S201
GIN-50-MGE-S202	16S_Rap	18	barcode18	DNA1-GIN-50-MGE	GIN-50-MGE	2.56	1.6	CM010	MIN_16_2024-7-21	S202
OPH-9-MGE-S203	16S_Rap	19	barcode19	DNA1-OPH-9-MGE	OPH-9-MGE	2.32	1.7	CM010	MIN_16_2024-7-21	S203
CHA-9-MGE-S204	16S_Rap	20	barcode20	DNA1-CHA-9-MGE	CHA-9-MGE	3.42	1.2	CM010	MIN_16_2024-7-21	S204
HAM-11-MGE-S205	16S_Rap	21	barcode21	DNA1-HAM-11-MGE	HAM-11-MGE	4.69	0.9	CM010	MIN_16_2024-7-21	S205
BUD-11-MGE-S206	16S_Rap	22	barcode22	DNA1-BUD-11-MGE	BUD-11-MGE	5.1	0.8	CM010	MIN_16_2024-7-21	S206
JAR-14-MGE-S207	16S_Rap	23	barcode23	DNA1-JAR-14-MGE	JAR-14-MGE	2.85	1.4	CM010	MIN_16_2024-7-21	S207
CM-NTC-010	16S_Rap	24	barcode24	NTC	NTC10	0.783	5.1	CM010	MIN_16_2024-7-21	CTRL
IVY-17-MGE-S208	16S_Rap	1	barcode01	DNA1-IVY-17-MGE				CM011	MIN_16_2025-1-23	S208
HER-18-MGE-S209	16S_Rap	2	barcode02	DNA1-HER-18-MGE				CM011	MIN_16_2025-1-23	S209
KUB-18-MGE-S210	16S_Rap	3	barcode03	DNA1-KUB-18-MGE				CM011	MIN_16_2025-1-23	S210
GIN-18-MGE-S211	16S_Rap	4	barcode04	DNA1-GIN-18-MGE				CM011	MIN_16_2025-1-23	S211
KOR-22-MGE-S212	16S_Rap	5	barcode05	DNA1-KOR-22-MGE				CM011	MIN_16_2025-1-23	S212
MAR-22-MGE-S213	16S_Rap	6	barcode06	DNA1-MAR-22-MGE				CM011	MIN_16_2025-1-23	S213
GOO-24-MGE-S214	16S_Rap	7	barcode07	DNA1-GOO-24-MGE				CM011	MIN_16_2025-1-23	S214
HEN-24-MGE-S215	16S_Rap	8	barcode08	DNA1-HEN-24-MGE				CM011	MIN_16_2025-1-23	S215
HER-41-MGE-S216	16S_Rap	9	barcode09	DNA1-HER-41-MGE				CM011	MIN_16_2025-1-23	S216
GIN-41-MGE-S217	16S_Rap	10	barcode10	DNA1-GIN-41-MGE				CM011	MIN_16_2025-1-23	S217
IVY-42-MGE-S218	16S_Rap	11	barcode11	DNA1-IVY-42-MGE				CM011	MIN_16_2025-1-23	S218
HAM-45-MGE-S219	16S_Rap	12	barcode12	DNA1-HAM-45-MGE				CM011	MIN_16_2025-1-23	S219
BUD-45-MGE-S220	16S_Rap	13	barcode13	DNA1-BUD-45-MGE				CM011	MIN_16_2025-1-23	S220
HEN-45-MGE-S221	16S_Rap	14	barcode14	DNA1-HEN-45-MGE				CM011	MIN_16_2025-1-23	S221
MAR-46-MGE-S222	16S_Rap	15	barcode15	DNA1-MAR-46-MGE				CM011	MIN_16_2025-1-23	S222
JAR-48-MGE-S223	16S_Rap	16	barcode16	DNA1-JAR-48-MGE				CM011	MIN_16_2025-1-23	S223
IVY-48-MGE-S224	16S_Rap	17	barcode17	DNA1-IVY-48-MGE				CM011	MIN_16_2025-1-23	S224
OPH-50-MGE-S225	16S_Rap	18	barcode18	DNA1-OPH-50-MGE				CM011	MIN_16_2025-1-23	S225
CHA-52-MGE-S226	16S_Rap	19	barcode19	DNA1-CHA-52-MGE				CM011	MIN_16_2025-1-23	S226
HER-7-MGE-S227	16S_Rap	20	barcode20	DNA1-HER-7-MGE				CM011	MIN_16_2025-1-23	S227
KOR-9-MGE-S228	16S_Rap	21	barcode21	DNA1-KOR-9-MGE				CM011	MIN_16_2025-1-23	S228
GRO-9-MGE-S229	16S_Rap	22	barcode22	DNA1-GRO-9-MGE				CM011	MIN_16_2025-1-23	S229
JAR-11-MGE-S230	16S_Rap	23	barcode23	DNA1-JAR-11-MGE				CM011	MIN_16_2025-1-23	S230
CM-NTC-011	16S_Rap	24	barcode24	NTC	NTC11			CM011	MIN_16_2025-1-23	CTRL
JOA-11-MGE-S231	16S_Rap	1	barcode01	DNA1-JOA-11-MGE				CM012		S231
BUD-17-MGE-S232	16S_Rap	2	barcode02	DNA1-BUD-17-MGE				CM012		S232
IRI-18-MGE-S233	16S_Rap	3	barcode03	DNA1-IRI-18-MGE				CM012		S233
IVY-18-MGE-S234	16S_Rap	4	barcode04	DNA1-IVY-18-MGE				CM012		S234
HAM-20-MGE-S235	16S_Rap	5	barcode05	DNA1-HAM-20-MGE				CM012		S235
OPH-20-MGE-S236	16S_Rap	6	barcode06	DNA1-OPH-20-MGE				CM012		S236
KUB-22-MGE-S237	16S_Rap	7	barcode07	DNA1-KUB-22-MGE				CM012		S237
HEN-22-MGE-S238	16S_Rap	8	barcode08	DNA1-HEN-22-MGE				CM012		S238
WOL-24-MGE-S239	16S_Rap	9	barcode09	DNA1-WOL-24-MGE				CM012		S239
GIN-24-MGE-S240	16S_Rap	10	barcode10	DNA1-GIN-24-MGE				CM012		S240
GIN-42-MGE-S241	16S_Rap	11	barcode11	DNA1-GIN-42-MGE				CM012		S241
KUB-45-MGE-S242	16S_Rap	12	barcode12	DNA1-KUB-45-MGE				CM012		S242
HAM-46-MGE-S243	16S_Rap	13	barcode13	DNA1-HAM-46-MGE				CM012		S243
WOL-48-MGE-S244	16S_Rap	14	barcode14	DNA1-WOL-48-MGE				CM012		S244
KUB-49-MGE-S245	16S_Rap	15	barcode15	DNA1-KUB-49-MGE				CM012		S245
JAR-52-MGE-S246	16S_Rap	16	barcode16	DNA1-JAR-52-MGE				CM012		S246
IRI-55-MGE-S247	16S_Rap	17	barcode17	DNA1-IRI-55-MGE				CM012		S247
IVY-55-MGE-S248	16S_Rap	18	barcode18	DNA1-IVY-55-MGE				CM012		S248
JAR-18-MGE-S249	16S_Rap	19	barcode19	DNA1-JAR-18-MGE				CM012		S249
BUD-18-MGE-S250	16S_Rap	20	barcode20	DNA1-BUD-18-MGE				CM012		S250
WOL-19-MGE-S251	16S_Rap	21	barcode21	DNA1-WOL-19-MGE				CM012		S251
IVY-19-MGE-S252	16S_Rap	22	barcode22	DNA1-IVY-19-MGE				CM012		S252
IRI-20-MGE-S253	16S_Rap	23	barcode23	DNA1-IRI-20-MGE				CM012		S253
CM-NTC-012	16S_Rap	24	barcode24	NTC	NTC12			CM012		CTRL