"ID"	"Kingdom"	"Phylum"	"Class"	"Order"	"Family"	"Genus"	"Species"
"txid1329411"	"k__Bacteria"	"p__Actinomycetota"	"c__Actinomycetes"	"o__Bifidobacteriales"	"f__Bifidobacteriaceae"	"g__Bifidobacterium"	"s__Bifidobacterium aesculapii"
"txid1683"	"k__Bacteria"	"p__Actinomycetota"	"c__Actinomycetes"	"o__Bifidobacteriales"	"f__Bifidobacteriaceae"	"g__Bifidobacterium"	"s__Bifidobacterium angulatum"
"txid302911"	"k__Bacteria"	"p__Actinomycetota"	"c__Actinomycetes"	"o__Bifidobacteriales"	"f__Bifidobacteriaceae"	"g__Bifidobacterium"	"s__Bifidobacterium animalis"
"txid1437609"	"k__Bacteria"	"p__Actinomycetota"	"c__Actinomycetes"	"o__Bifidobacteriales"	"f__Bifidobacteriaceae"	"g__Bifidobacterium"	"s__Bifidobacterium callitrichos"
"txid1150460"	"k__Bacteria"	"p__Actinomycetota"	"c__Actinomycetes"	"o__Bifidobacteriales"	"f__Bifidobacteriaceae"	"g__Bifidobacterium"	"s__Bifidobacterium catenulatum"
"txid1630173"	"k__Bacteria"	"p__Actinomycetota"	"c__Actinomycetes"	"o__Bifidobacteriales"	"f__Bifidobacteriaceae"	"g__Bifidobacterium"	"s__Bifidobacterium catulorum"
"txid2650773"	"k__Bacteria"	"p__Actinomycetota"	"c__Actinomycetes"	"o__Bifidobacteriales"	"f__Bifidobacteriaceae"	"g__Bifidobacterium"	"s__Bifidobacterium cebidarum"
"txid1630172"	"k__Bacteria"	"p__Actinomycetota"	"c__Actinomycetes"	"o__Bifidobacteriales"	"f__Bifidobacteriaceae"	"g__Bifidobacterium"	"s__Bifidobacterium hapali"
"txid2650774"	"k__Bacteria"	"p__Actinomycetota"	"c__Actinomycetes"	"o__Bifidobacteriales"	"f__Bifidobacteriaceae"	"g__Bifidobacterium"	"s__Bifidobacterium leontopitheci"
"txid2834437"	"k__Bacteria"	"p__Actinomycetota"	"c__Actinomycetes"	"o__Bifidobacteriales"	"f__Bifidobacteriaceae"	"g__Bifidobacterium"	"s__Bifidobacterium miconisargentati"
"txid1630166"	"k__Bacteria"	"p__Actinomycetota"	"c__Actinomycetes"	"o__Bifidobacteriales"	"f__Bifidobacteriaceae"	"g__Bifidobacterium"	"s__Bifidobacterium myosotis"
"txid2834431"	"k__Bacteria"	"p__Actinomycetota"	"c__Actinomycetes"	"o__Bifidobacteriales"	"f__Bifidobacteriaceae"	"g__Bifidobacterium"	"s__Bifidobacterium phasiani"
"txid2834436"	"k__Bacteria"	"p__Actinomycetota"	"c__Actinomycetes"	"o__Bifidobacteriales"	"f__Bifidobacteriaceae"	"g__Bifidobacterium"	"s__Bifidobacterium pluvialisilvae"
"txid2834432"	"k__Bacteria"	"p__Actinomycetota"	"c__Actinomycetes"	"o__Bifidobacteriales"	"f__Bifidobacteriaceae"	"g__Bifidobacterium"	"s__Bifidobacterium pongonis"
"txid78257"	"k__Bacteria"	"p__Actinomycetota"	"c__Actinomycetes"	"o__Bifidobacteriales"	"f__Bifidobacteriaceae"	"g__Bifidobacterium"	"s__Bifidobacterium pullorum"
"txid1437610"	"k__Bacteria"	"p__Actinomycetota"	"c__Actinomycetes"	"o__Bifidobacteriales"	"f__Bifidobacteriaceae"	"g__Bifidobacterium"	"s__Bifidobacterium reuteri"
"txid2045439"	"k__Bacteria"	"p__Actinomycetota"	"c__Actinomycetes"	"o__Bifidobacteriales"	"f__Bifidobacteriaceae"	"g__Bifidobacterium"	"s__Bifidobacterium rousetti"
"txid2834433"	"k__Bacteria"	"p__Actinomycetota"	"c__Actinomycetes"	"o__Bifidobacteriales"	"f__Bifidobacteriaceae"	"g__Bifidobacterium"	"s__Bifidobacterium saguinibicoloris"
"txid2306974"	"k__Bacteria"	"p__Actinomycetota"	"c__Actinomycetes"	"o__Bifidobacteriales"	"f__Bifidobacteriaceae"	"g__Bifidobacterium"	"s__Bifidobacterium samirii"
"txid2809028"	"k__Bacteria"	"p__Actinomycetota"	"c__Actinomycetes"	"o__Bifidobacteriales"	"f__Bifidobacteriaceae"	"g__Bifidobacterium"	"s__Bifidobacterium santillanense"
"txid1630162"	"k__Bacteria"	"p__Actinomycetota"	"c__Actinomycetes"	"o__Bifidobacteriales"	"f__Bifidobacteriaceae"	"g__Bifidobacterium"	"s__Bifidobacterium tissieri"
"txid2562524"	"k__Bacteria"	"p__Actinomycetota"	"c__Actinomycetes"	"o__Bifidobacteriales"	"f__Bifidobacteriaceae"	"g__Bifidobacterium"	"s__Bifidobacterium vespertilionis"
"txid2014528"	"k__Bacteria"	"p__Actinomycetota"	"c__Actinomycetes"	"o__Mycobacteriales"	"f__Corynebacteriaceae"	"g__Corynebacterium"	"s__Corynebacterium dentalis"
"txid1964384"	"k__Bacteria"	"p__Actinomycetota"	"c__Coriobacteriia"	"o__Coriobacteriales"	"f__Atopobiaceae"	"g__Olsenella"	"s__Olsenella congonensis"
"txid2584469"	"k__Bacteria"	"p__Actinomycetota"	"c__Coriobacteriia"	"o__Coriobacteriales"	"f__Atopobiaceae"	"g__Olsenella"	"s__Olsenella lakotia"
"txid1852385"	"k__Bacteria"	"p__Actinomycetota"	"c__Coriobacteriia"	"o__Coriobacteriales"	"f__Atopobiaceae"	"g__Olsenella"	"s__Olsenella phocaeensis"
"txid1805478"	"k__Bacteria"	"p__Actinomycetota"	"c__Coriobacteriia"	"o__Coriobacteriales"	"f__Atopobiaceae"	"g__Olsenella"	"s__Olsenella timonensis"
"txid2003188"	"k__Bacteria"	"p__Actinomycetota"	"c__Coriobacteriia"	"o__Coriobacteriales"	"f__Atopobiaceae"	"g__Parolsenella"	"s__Parolsenella catena"
"txid1871031"	"k__Bacteria"	"p__Actinomycetota"	"c__Coriobacteriia"	"o__Coriobacteriales"	"f__Atopobiaceae"	"g__Thermophilibacter"	"s__Thermophilibacter mediterraneus"
"txid1852386"	"k__Bacteria"	"p__Actinomycetota"	"c__Coriobacteriia"	"o__Coriobacteriales"	"f__Atopobiaceae"	"g__Thermophilibacter"	"s__Thermophilibacter provencensis"
"txid2603815"	"k__Bacteria"	"p__Actinomycetota"	"c__Coriobacteriia"	"o__Coriobacteriales"	"f__Coriobacteriaceae"	"g__Collinsella"	"s__Collinsella avium"
"txid1907654"	"k__Bacteria"	"p__Actinomycetota"	"c__Coriobacteriia"	"o__Coriobacteriales"	"f__Coriobacteriaceae"	"g__Collinsella"	"s__Collinsella bouchesdurhonensis"
"txid1720204"	"k__Bacteria"	"p__Actinomycetota"	"c__Coriobacteriia"	"o__Coriobacteriales"	"f__Coriobacteriaceae"	"g__Collinsella"	"s__Collinsella ihumii"
"txid147207"	"k__Bacteria"	"p__Actinomycetota"	"c__Coriobacteriia"	"o__Coriobacteriales"	"f__Coriobacteriaceae"	"g__Collinsella"	"s__Collinsella intestinalis"
"txid1871016"	"k__Bacteria"	"p__Actinomycetota"	"c__Coriobacteriia"	"o__Coriobacteriales"	"f__Coriobacteriaceae"	"g__Collinsella"	"s__Collinsella phocaeensis"
"txid1937461"	"k__Bacteria"	"p__Actinomycetota"	"c__Coriobacteriia"	"o__Coriobacteriales"	"f__Coriobacteriaceae"	"g__Collinsella"	"s__Collinsella provencensis"
"txid147206"	"k__Bacteria"	"p__Actinomycetota"	"c__Coriobacteriia"	"o__Coriobacteriales"	"f__Coriobacteriaceae"	"g__Collinsella"	"s__Collinsella stercoris"
"txid742742"	"k__Bacteria"	"p__Actinomycetota"	"c__Coriobacteriia"	"o__Coriobacteriales"	"f__Coriobacteriaceae"	"g__Collinsella"	"s__Collinsella tanakaei"
"txid1870987"	"k__Bacteria"	"p__Actinomycetota"	"c__Coriobacteriia"	"o__Coriobacteriales"	"f__Coriobacteriaceae"	"g__Collinsella"	"s__Collinsella vaginalis"
"txid883106"	"k__Bacteria"	"p__Actinomycetota"	"c__Coriobacteriia"	"o__Eggerthellales"	"f__Eggerthellaceae"	"g__Paraeggerthella"	"s__Paraeggerthella hongkongensis"
"txid1379"	"k__Bacteria"	"p__Bacillota"	"c__Bacilli"	"o__Bacillales"	"f__Gemellaceae"	"g__Gemella"	"s__Gemella haemolysans"
"txid29391"	"k__Bacteria"	"p__Bacillota"	"c__Bacilli"	"o__Bacillales"	"f__Gemellaceae"	"g__Gemella"	"s__Gemella morbillorum"
"txid1179782"	"k__Bacteria"	"p__Bacillota"	"c__Bacilli"	"o__Bacillales"	"f__Gemellaceae"	"g__Gemella"	"s__Gemella parahaemolysans"
"txid1179787"	"k__Bacteria"	"p__Bacillota"	"c__Bacilli"	"o__Bacillales"	"f__Gemellaceae"	"g__Gemella"	"s__Gemella taiwanensis"
"txid46125"	"k__Bacteria"	"p__Bacillota"	"c__Bacilli"	"o__Lactobacillales"	"f__Aerococcaceae"	"g__Abiotrophia"	"s__Abiotrophia defectiva"
"txid46124"	"k__Bacteria"	"p__Bacillota"	"c__Bacilli"	"o__Lactobacillales"	"f__Carnobacteriaceae"	"g__Granulicatella"	"s__Granulicatella adiacens"
"txid137732"	"k__Bacteria"	"p__Bacillota"	"c__Bacilli"	"o__Lactobacillales"	"f__Carnobacteriaceae"	"g__Granulicatella"	"s__Granulicatella elegans"
"txid1351"	"k__Bacteria"	"p__Bacillota"	"c__Bacilli"	"o__Lactobacillales"	"f__Enterococcaceae"	"g__Enterococcus"	"s__Enterococcus faecalis"
"txid935294"	"k__Bacteria"	"p__Bacillota"	"c__Bacilli"	"o__Lactobacillales"	"f__Lactobacillaceae"	"g__Leuconostoc"	"s__Leuconostoc lactis"
"txid1888195"	"k__Bacteria"	"p__Bacillota"	"c__Bacilli"	"o__Lactobacillales"	"f__Streptococcaceae"	"g__Streptococcus"	"s__Streptococcus himalayensis"
"txid1156431"	"k__Bacteria"	"p__Bacillota"	"c__Bacilli"	"o__Lactobacillales"	"f__Streptococcaceae"	"g__Streptococcus"	"s__Streptococcus ilei"
"txid1338"	"k__Bacteria"	"p__Bacillota"	"c__Bacilli"	"o__Lactobacillales"	"f__Streptococcaceae"	"g__Streptococcus"	"s__Streptococcus intermedius"
"txid2382163"	"k__Bacteria"	"p__Bacillota"	"c__Bacilli"	"o__Lactobacillales"	"f__Streptococcaceae"	"g__Streptococcus"	"s__Streptococcus koreensis"
"txid28037"	"k__Bacteria"	"p__Bacillota"	"c__Bacilli"	"o__Lactobacillales"	"f__Streptococcaceae"	"g__Streptococcus"	"s__Streptococcus mitis"
"txid655813"	"k__Bacteria"	"p__Bacillota"	"c__Bacilli"	"o__Lactobacillales"	"f__Streptococcaceae"	"g__Streptococcus"	"s__Streptococcus oralis"
"txid1547447"	"k__Bacteria"	"p__Bacillota"	"c__Bacilli"	"o__Lactobacillales"	"f__Streptococcaceae"	"g__Streptococcus"	"s__Streptococcus oricebi"
"txid760570"	"k__Bacteria"	"p__Bacillota"	"c__Bacilli"	"o__Lactobacillales"	"f__Streptococcaceae"	"g__Streptococcus"	"s__Streptococcus parasanguinis"
"txid197614"	"k__Bacteria"	"p__Bacillota"	"c__Bacilli"	"o__Lactobacillales"	"f__Streptococcaceae"	"g__Streptococcus"	"s__Streptococcus pasteurianus"
"txid701526"	"k__Bacteria"	"p__Bacillota"	"c__Bacilli"	"o__Lactobacillales"	"f__Streptococcaceae"	"g__Streptococcus"	"s__Streptococcus porcorum"
"txid1234680"	"k__Bacteria"	"p__Bacillota"	"c__Bacilli"	"o__Lactobacillales"	"f__Streptococcaceae"	"g__Streptococcus"	"s__Streptococcus rubneri"
"txid1305"	"k__Bacteria"	"p__Bacillota"	"c__Bacilli"	"o__Lactobacillales"	"f__Streptococcaceae"	"g__Streptococcus"	"s__Streptococcus sanguinis"
"txid2853160"	"k__Bacteria"	"p__Bacillota"	"c__Bacilli"	"o__Lactobacillales"	"f__Streptococcaceae"	"g__Streptococcus"	"s__Streptococcus vulneris"
"txid1673717"	"k__Bacteria"	"p__Bacillota"	"c__Clostridia"	"o__Eubacteriales"	"f__Acutalibacteraceae"	"g__Anaeromassilibacillus"	"s__Anaeromassilibacillus senegalensis"
"txid642589"	"k__Bacteria"	"p__Bacillota"	"c__Clostridia"	"o__Eubacteriales"	"f__Acutalibacteraceae"	"g__Caproiciproducens"	"s__Caproiciproducens galactitolivorans"
"txid501571"	"k__Bacteria"	"p__Bacillota"	"c__Clostridia"	"o__Eubacteriales"	"f__Butyricicoccaceae"	"g__Butyricicoccus"	"s__Butyricicoccus pullicaecorum"
"txid2126740"	"k__Bacteria"	"p__Bacillota"	"c__Clostridia"	"o__Eubacteriales"	"f__Clostridiaceae"	"g__Clostridium"	"s__Clostridium fessum"
"txid1347366"	"k__Bacteria"	"p__Bacillota"	"c__Clostridia"	"o__Eubacteriales"	"f__Clostridiaceae"	"g__Clostridium"	"s__Clostridium massiliamazoniense"
"txid1958780"	"k__Bacteria"	"p__Bacillota"	"c__Clostridia"	"o__Eubacteriales"	"f__Clostridiaceae"	"g__Clostridium"	"s__Clostridium merdae"
"txid29363"	"k__Bacteria"	"p__Bacillota"	"c__Clostridia"	"o__Eubacteriales"	"f__Clostridiaceae"	"g__Clostridium"	"s__Clostridium paraputrificum"
"txid195103"	"k__Bacteria"	"p__Bacillota"	"c__Clostridia"	"o__Eubacteriales"	"f__Clostridiaceae"	"g__Clostridium"	"s__Clostridium perfringens"
"txid1650661"	"k__Bacteria"	"p__Bacillota"	"c__Clostridia"	"o__Eubacteriales"	"f__Clostridiaceae"	"g__Clostridium"	"s__Clostridium phoceensis"
"txid2605778"	"k__Bacteria"	"p__Bacillota"	"c__Clostridia"	"o__Eubacteriales"	"f__Clostridiaceae"	"g__Clostridium"	"s__Clostridium porci"
"txid1559"	"k__Bacteria"	"p__Bacillota"	"c__Clostridia"	"o__Eubacteriales"	"f__Clostridiaceae"	"g__Clostridium"	"s__Clostridium tertium"
"txid2479838"	"k__Bacteria"	"p__Bacillota"	"c__Clostridia"	"o__Eubacteriales"	"f__Clostridiaceae"	"g__Clostridium"	"s__Clostridium transplantifaecale"
"txid2784388"	"k__Bacteria"	"p__Bacillota"	"c__Clostridia"	"o__Eubacteriales"	"f__Clostridiaceae"	"g__Clostridium"	"s__Clostridium vitabionis"
"txid53442"	"k__Bacteria"	"p__Bacillota"	"c__Clostridia"	"o__Eubacteriales"	"f__Eubacteriaceae"	"g__Eubacterium"	"s__Eubacterium callanderi"
"txid29322"	"k__Bacteria"	"p__Bacillota"	"c__Clostridia"	"o__Eubacteriales"	"f__Eubacteriaceae"	"g__Eubacterium"	"s__Eubacterium cellulosolvens"
"txid1632013"	"k__Bacteria"	"p__Bacillota"	"c__Clostridia"	"o__Eubacteriales"	"f__Oscillospiraceae"	"g__Drancourtella"	"s__Drancourtella massiliensis"
"txid292800"	"k__Bacteria"	"p__Bacillota"	"c__Clostridia"	"o__Eubacteriales"	"f__Oscillospiraceae"	"g__Flavonifractor"	"s__Flavonifractor plautii"
"txid2714353"	"k__Bacteria"	"p__Bacillota"	"c__Clostridia"	"o__Eubacteriales"	"f__Oscillospiraceae"	"g__Vescimonas"	"s__Vescimonas fastidiosa"
"txid1535"	"k__Bacteria"	"p__Bacillota"	"c__Clostridia"	"o__Eubacteriales"	"f__Oscillospiraceae"	"g__"	"s__Clostridium leptum"
"txid2741"	"k__Bacteria"	"p__Bacillota"	"c__Clostridia"	"o__Eubacteriales"	"f__Peptococcaceae"	"g__Peptococcus"	"s__Peptococcus niger"
"txid1643805"	"k__Bacteria"	"p__Bacillota"	"c__Clostridia"	"o__Eubacteriales"	"f__Peptococcaceae"	"g__Peptococcus"	"s__Peptococcus simiae"
"txid384638"	"k__Bacteria"	"p__Bacillota"	"c__Clostridia"	"o__Eubacteriales"	"f__"	"g__"	"s__Bacteroides pectinophilus"
"txid879566"	"k__Bacteria"	"p__Bacillota"	"c__Clostridia"	"o__Lachnospirales"	"f__Lachnospiraceae"	"g__Acetatifactor"	"s__Acetatifactor muris"
"txid1527"	"k__Bacteria"	"p__Bacillota"	"c__Clostridia"	"o__Lachnospirales"	"f__Lachnospiraceae"	"g__Anaerocolumna"	"s__Anaerocolumna aminovalerica"
"txid433286"	"k__Bacteria"	"p__Bacillota"	"c__Clostridia"	"o__Lachnospirales"	"f__Lachnospiraceae"	"g__Anaerocolumna"	"s__Anaerocolumna cellulosilytica"
"txid1727145"	"k__Bacteria"	"p__Bacillota"	"c__Clostridia"	"o__Lachnospirales"	"f__Lachnospiraceae"	"g__Anaerocolumna"	"s__Anaerocolumna chitinilytica"
"txid259063"	"k__Bacteria"	"p__Bacillota"	"c__Clostridia"	"o__Lachnospirales"	"f__Lachnospiraceae"	"g__Anaerocolumna"	"s__Anaerocolumna jejuensis"
"txid1745713"	"k__Bacteria"	"p__Bacillota"	"c__Clostridia"	"o__Lachnospirales"	"f__Lachnospiraceae"	"g__Bariatricus"	"s__Bariatricus massiliensis"
"txid2606636"	"k__Bacteria"	"p__Bacillota"	"c__Clostridia"	"o__Lachnospirales"	"f__Lachnospiraceae"	"g__Bilifractor"	"s__Bilifractor porci"
"txid1912897"	"k__Bacteria"	"p__Bacillota"	"c__Clostridia"	"o__Lachnospirales"	"f__Lachnospiraceae"	"g__Blautia"	"s__Blautia argi"
"txid2696678"	"k__Bacteria"	"p__Bacillota"	"c__Clostridia"	"o__Lachnospirales"	"f__Lachnospiraceae"	"g__Blautia"	"s__Blautia brookingsii"
"txid1796615"	"k__Bacteria"	"p__Bacillota"	"c__Clostridia"	"o__Lachnospirales"	"f__Lachnospiraceae"	"g__Blautia"	"s__Blautia caecimuris"
"txid1532"	"k__Bacteria"	"p__Bacillota"	"c__Clostridia"	"o__Lachnospirales"	"f__Lachnospiraceae"	"g__Blautia"	"s__Blautia coccoides"
"txid2509240"	"k__Bacteria"	"p__Bacillota"	"c__Clostridia"	"o__Lachnospirales"	"f__Lachnospiraceae"	"g__Blautia"	"s__Blautia faecicola"
"txid536633"	"k__Bacteria"	"p__Bacillota"	"c__Clostridia"	"o__Lachnospirales"	"f__Lachnospiraceae"	"g__Blautia"	"s__Blautia glucerasea"
"txid537007"	"k__Bacteria"	"p__Bacillota"	"c__Clostridia"	"o__Lachnospirales"	"f__Lachnospiraceae"	"g__Blautia"	"s__Blautia hansenii"
"txid2025493"	"k__Bacteria"	"p__Bacillota"	"c__Clostridia"	"o__Lachnospirales"	"f__Lachnospiraceae"	"g__Blautia"	"s__Blautia hominis"
"txid53443"	"k__Bacteria"	"p__Bacillota"	"c__Clostridia"	"o__Lachnospirales"	"f__Lachnospiraceae"	"g__Blautia"	"s__Blautia hydrogenotrophica"
"txid1121114"	"k__Bacteria"	"p__Bacillota"	"c__Clostridia"	"o__Lachnospirales"	"f__Lachnospiraceae"	"g__Blautia"	"s__Blautia producta"
"txid1796616"	"k__Bacteria"	"p__Bacillota"	"c__Clostridia"	"o__Lachnospirales"	"f__Lachnospiraceae"	"g__Blautia"	"s__Blautia pseudococcoides"
"txid180164"	"k__Bacteria"	"p__Bacillota"	"c__Clostridia"	"o__Lachnospirales"	"f__Lachnospiraceae"	"g__Blautia"	"s__Blautia schinkii"
"txid871664"	"k__Bacteria"	"p__Bacillota"	"c__Clostridia"	"o__Lachnospirales"	"f__Lachnospiraceae"	"g__Blautia"	"s__Blautia stercoris"
"txid1121115"	"k__Bacteria"	"p__Bacillota"	"c__Clostridia"	"o__Lachnospirales"	"f__Lachnospiraceae"	"g__Blautia"	"s__Blautia wexlerae"
"txid45851"	"k__Bacteria"	"p__Bacillota"	"c__Clostridia"	"o__Lachnospirales"	"f__Lachnospiraceae"	"g__Butyrivibrio"	"s__Butyrivibrio crossotus"
"txid831"	"k__Bacteria"	"p__Bacillota"	"c__Clostridia"	"o__Lachnospirales"	"f__Lachnospiraceae"	"g__Butyrivibrio"	"s__Butyrivibrio fibrisolvens"
"txid185008"	"k__Bacteria"	"p__Bacillota"	"c__Clostridia"	"o__Lachnospirales"	"f__Lachnospiraceae"	"g__Butyrivibrio"	"s__Butyrivibrio hungatei"
"txid43305"	"k__Bacteria"	"p__Bacillota"	"c__Clostridia"	"o__Lachnospirales"	"f__Lachnospiraceae"	"g__Butyrivibrio"	"s__Butyrivibrio proteoclasticus"
"txid673271"	"k__Bacteria"	"p__Bacillota"	"c__Clostridia"	"o__Lachnospirales"	"f__Lachnospiraceae"	"g__Catenibacillus"	"s__Catenibacillus scindens"
"txid33043"	"k__Bacteria"	"p__Bacillota"	"c__Clostridia"	"o__Lachnospirales"	"f__Lachnospiraceae"	"g__Coprococcus"	"s__Coprococcus eutactus"
"txid1796618"	"k__Bacteria"	"p__Bacillota"	"c__Clostridia"	"o__Lachnospirales"	"f__Lachnospiraceae"	"g__Cuneatibacter"	"s__Cuneatibacter caecimuris"
"txid2850323"	"k__Bacteria"	"p__Bacillota"	"c__Clostridia"	"o__Lachnospirales"	"f__Lachnospiraceae"	"g__Diplocloster"	"s__Diplocloster agilis"
"txid2850322"	"k__Bacteria"	"p__Bacillota"	"c__Clostridia"	"o__Lachnospirales"	"f__Lachnospiraceae"	"g__Diplocloster"	"s__Diplocloster modestus"
"txid2652274"	"k__Bacteria"	"p__Bacillota"	"c__Clostridia"	"o__Lachnospirales"	"f__Lachnospiraceae"	"g__Eisenbergiella"	"s__Eisenbergiella porci"
"txid1432052"	"k__Bacteria"	"p__Bacillota"	"c__Clostridia"	"o__Lachnospirales"	"f__Lachnospiraceae"	"g__Eisenbergiella"	"s__Eisenbergiella tayi"
"txid208479"	"k__Bacteria"	"p__Bacillota"	"c__Clostridia"	"o__Lachnospirales"	"f__Lachnospiraceae"	"g__Enterocloster"	"s__Enterocloster bolteae"
"txid358743"	"k__Bacteria"	"p__Bacillota"	"c__Clostridia"	"o__Lachnospirales"	"f__Lachnospiraceae"	"g__Enterocloster"	"s__Enterocloster citroniae"
"txid1531"	"k__Bacteria"	"p__Bacillota"	"c__Clostridia"	"o__Lachnospirales"	"f__Lachnospiraceae"	"g__Enterocloster"	"s__Enterocloster clostridioformis"
"txid1917870"	"k__Bacteria"	"p__Bacillota"	"c__Clostridia"	"o__Lachnospirales"	"f__Lachnospiraceae"	"g__Enterocloster"	"s__Enterocloster hominis (ex Hitch et al. 2024)"
"txid460384"	"k__Bacteria"	"p__Bacillota"	"c__Clostridia"	"o__Lachnospirales"	"f__Lachnospiraceae"	"g__Enterocloster"	"s__Enterocloster lavalensis"
"txid2788944"	"k__Bacteria"	"p__Bacillota"	"c__Clostridia"	"o__Lachnospirales"	"f__Lachnospiraceae"	"g__Faecalicatena"	"s__Faecalicatena absiana"
"txid39482"	"k__Bacteria"	"p__Bacillota"	"c__Clostridia"	"o__Lachnospirales"	"f__Lachnospiraceae"	"g__Faecalicatena"	"s__Faecalicatena contorta"
"txid2726362"	"k__Bacteria"	"p__Bacillota"	"c__Clostridia"	"o__Lachnospirales"	"f__Lachnospiraceae"	"g__Faecalicatena"	"s__Faecalicatena faecalis"
"txid290055"	"k__Bacteria"	"p__Bacillota"	"c__Clostridia"	"o__Lachnospirales"	"f__Lachnospiraceae"	"g__Faecalicatena"	"s__Faecalicatena fissicatena"
"txid1544"	"k__Bacteria"	"p__Bacillota"	"c__Clostridia"	"o__Lachnospirales"	"f__Lachnospiraceae"	"g__Faecalicatena"	"s__Faecalicatena orotica"
"txid1912855"	"k__Bacteria"	"p__Bacillota"	"c__Clostridia"	"o__Lachnospirales"	"f__Lachnospiraceae"	"g__Faecalimonas"	"s__Faecalimonas umbilicata"
"txid1150298"	"k__Bacteria"	"p__Bacillota"	"c__Clostridia"	"o__Lachnospirales"	"f__Lachnospiraceae"	"g__Fusicatenibacter"	"s__Fusicatenibacter saccharivorans"
"txid1408099"	"k__Bacteria"	"p__Bacillota"	"c__Clostridia"	"o__Lachnospirales"	"f__Lachnospiraceae"	"g__Fusimonas"	"s__Fusimonas intestini"
"txid1912090"	"k__Bacteria"	"p__Bacillota"	"c__Clostridia"	"o__Lachnospirales"	"f__Lachnospiraceae"	"g__Gluceribacter"	"s__Gluceribacter canis"
"txid1679721"	"k__Bacteria"	"p__Bacillota"	"c__Clostridia"	"o__Lachnospirales"	"f__Lachnospiraceae"	"g__Herbinix"	"s__Herbinix luporum"
"txid2885351"	"k__Bacteria"	"p__Bacillota"	"c__Clostridia"	"o__Lachnospirales"	"f__Lachnospiraceae"	"g__Hominisplanchenecus"	"s__Hominisplanchenecus faecis"
"txid1096246"	"k__Bacteria"	"p__Bacillota"	"c__Clostridia"	"o__Lachnospirales"	"f__Lachnospiraceae"	"g__Hungatella"	"s__Hungatella effluvii"
"txid154046"	"k__Bacteria"	"p__Bacillota"	"c__Clostridia"	"o__Lachnospirales"	"f__Lachnospiraceae"	"g__Hungatella"	"s__Hungatella hathewayi"
"txid2763671"	"k__Bacteria"	"p__Bacillota"	"c__Clostridia"	"o__Lachnospirales"	"f__Lachnospiraceae"	"g__Jingyaoa"	"s__Jingyaoa shaoxingensis"
"txid1469948"	"k__Bacteria"	"p__Bacillota"	"c__Clostridia"	"o__Lachnospirales"	"f__Lachnospiraceae"	"g__Kineothrix"	"s__Kineothrix alysoides"
"txid29364"	"k__Bacteria"	"p__Bacillota"	"c__Clostridia"	"o__Lachnospirales"	"f__Lachnospiraceae"	"g__Lachnoclostridium"	"s__Clostridium polysaccharolyticum"
"txid1512"	"k__Bacteria"	"p__Bacillota"	"c__Clostridia"	"o__Lachnospirales"	"f__Lachnospiraceae"	"g__Lachnoclostridium"	"s__Clostridium symbiosum"
"txid1926283"	"k__Bacteria"	"p__Bacillota"	"c__Clostridia"	"o__Lachnospirales"	"f__Lachnospiraceae"	"g__Lachnoclostridium"	"s__Lachnoclostridium edouardi"
"txid1871021"	"k__Bacteria"	"p__Bacillota"	"c__Clostridia"	"o__Lachnospirales"	"f__Lachnospiraceae"	"g__Lachnoclostridium"	"s__Lachnoclostridium phocaeense"
"txid1852382"	"k__Bacteria"	"p__Bacillota"	"c__Clostridia"	"o__Lachnospirales"	"f__Lachnospiraceae"	"g__Lachnoclostridium"	"s__Lachnoclostridium urinimassiliense"
"txid36832"	"k__Bacteria"	"p__Bacillota"	"c__Clostridia"	"o__Lachnospirales"	"f__Lachnospiraceae"	"g__Lacrimispora"	"s__Lacrimispora aerotolerans"
"txid253257"	"k__Bacteria"	"p__Bacillota"	"c__Clostridia"	"o__Lachnospirales"	"f__Lachnospiraceae"	"g__Lacrimispora"	"s__Lacrimispora amygdalina"
"txid1286362"	"k__Bacteria"	"p__Bacillota"	"c__Clostridia"	"o__Lachnospirales"	"f__Lachnospiraceae"	"g__Lacrimispora"	"s__Lacrimispora celerecrescens"
"txid69825"	"k__Bacteria"	"p__Bacillota"	"c__Clostridia"	"o__Lachnospirales"	"f__Lachnospiraceae"	"g__Lacrimispora"	"s__Lacrimispora indolis"
"txid84030"	"k__Bacteria"	"p__Bacillota"	"c__Clostridia"	"o__Lachnospirales"	"f__Lachnospiraceae"	"g__Lacrimispora"	"s__Lacrimispora saccharolytica"
"txid29370"	"k__Bacteria"	"p__Bacillota"	"c__Clostridia"	"o__Lachnospirales"	"f__Lachnospiraceae"	"g__Lacrimispora"	"s__Lacrimispora sphenoides"
"txid384636"	"k__Bacteria"	"p__Bacillota"	"c__Clostridia"	"o__Lachnospirales"	"f__Lachnospiraceae"	"g__Lacrimispora"	"s__Lacrimispora xylanisolvens"
"txid29375"	"k__Bacteria"	"p__Bacillota"	"c__Clostridia"	"o__Lachnospirales"	"f__Lachnospiraceae"	"g__Lacrimispora"	"s__Lacrimispora xylanolytica"
"txid168384"	"k__Bacteria"	"p__Bacillota"	"c__Clostridia"	"o__Lachnospirales"	"f__Lachnospiraceae"	"g__Marvinbryantia"	"s__Marvinbryantia formatexigens"
"txid1298596"	"k__Bacteria"	"p__Bacillota"	"c__Clostridia"	"o__Lachnospirales"	"f__Lachnospiraceae"	"g__Mediterraneibacter"	"s__Mediterraneibacter faecis"
"txid411470"	"k__Bacteria"	"p__Bacillota"	"c__Clostridia"	"o__Lachnospirales"	"f__Lachnospiraceae"	"g__Mediterraneibacter"	"s__Mediterraneibacter gnavus"
"txid471875"	"k__Bacteria"	"p__Bacillota"	"c__Clostridia"	"o__Lachnospirales"	"f__Lachnospiraceae"	"g__Mediterraneibacter"	"s__Ruminococcus lactaris"
"txid1653435"	"k__Bacteria"	"p__Bacillota"	"c__Clostridia"	"o__Lachnospirales"	"f__Lachnospiraceae"	"g__Merdimonas"	"s__Merdimonas faecis"
"txid1337051"	"k__Bacteria"	"p__Bacillota"	"c__Clostridia"	"o__Lachnospirales"	"f__Lachnospiraceae"	"g__Murimonas"	"s__Murimonas intestini"
"txid796944"	"k__Bacteria"	"p__Bacillota"	"c__Clostridia"	"o__Lachnospirales"	"f__Lachnospiraceae"	"g__Oribacterium"	"s__Oribacterium asaccharolyticum"
"txid796943"	"k__Bacteria"	"p__Bacillota"	"c__Clostridia"	"o__Lachnospirales"	"f__Lachnospiraceae"	"g__Oribacterium"	"s__Oribacterium parvum"
"txid237576"	"k__Bacteria"	"p__Bacillota"	"c__Clostridia"	"o__Lachnospirales"	"f__Lachnospiraceae"	"g__Oribacterium"	"s__Oribacterium sinus"
"txid2606632"	"k__Bacteria"	"p__Bacillota"	"c__Clostridia"	"o__Lachnospirales"	"f__Lachnospiraceae"	"g__Porcincola"	"s__Porcincola intestinalis"
"txid2763669"	"k__Bacteria"	"p__Bacillota"	"c__Clostridia"	"o__Lachnospirales"	"f__Lachnospiraceae"	"g__Qiania"	"s__Qiania dongpingensis"
"txid301302"	"k__Bacteria"	"p__Bacillota"	"c__Clostridia"	"o__Lachnospirales"	"f__Lachnospiraceae"	"g__Roseburia"	"s__Roseburia faecis"
"txid622312"	"k__Bacteria"	"p__Bacillota"	"c__Clostridia"	"o__Lachnospirales"	"f__Lachnospiraceae"	"g__Roseburia"	"s__Roseburia inulinivorans"
"txid2605790"	"k__Bacteria"	"p__Bacillota"	"c__Clostridia"	"o__Lachnospirales"	"f__Lachnospiraceae"	"g__Roseburia"	"s__Roseburia porci"
"txid1653434"	"k__Bacteria"	"p__Bacillota"	"c__Clostridia"	"o__Lachnospirales"	"f__Lachnospiraceae"	"g__Sellimonas"	"s__Sellimonas intestinalis"
"txid36835"	"k__Bacteria"	"p__Bacillota"	"c__Clostridia"	"o__Lachnospirales"	"f__Lachnospiraceae"	"g__Tyzzerella"	"s__Clostridium colinum"
"txid2606635"	"k__Bacteria"	"p__Bacillota"	"c__Clostridia"	"o__Lachnospirales"	"f__Lachnospiraceae"	"g__Waltera"	"s__Waltera intestinalis"
"txid2763667"	"k__Bacteria"	"p__Bacillota"	"c__Clostridia"	"o__Lachnospirales"	"f__Lachnospiraceae"	"g__Wansuia"	"s__Wansuia hejianensis"
"txid1121308"	"k__Bacteria"	"p__Bacillota"	"c__Clostridia"	"o__Peptostreptococcales"	"f__Peptostreptococcaceae"	"g__Clostridioides"	"s__Clostridioides difficile"
"txid2654621"	"k__Bacteria"	"p__Bacillota"	"c__Negativicutes"	"o__Acidaminococcales"	"f__Acidaminococcaceae"	"g__Phascolarctobacterium"	"s__Phascolarctobacterium wakonense"
"txid742816"	"k__Bacteria"	"p__Bacillota"	"c__Negativicutes"	"o__Selenomonadales"	"f__Selenomonadaceae"	"g__Megamonas"	"s__Megamonas funiformis"
"txid158847"	"k__Bacteria"	"p__Bacillota"	"c__Negativicutes"	"o__Selenomonadales"	"f__Selenomonadaceae"	"g__Megamonas"	"s__Megamonas hypermegale"
"txid491921"	"k__Bacteria"	"p__Bacillota"	"c__Negativicutes"	"o__Selenomonadales"	"f__Selenomonadaceae"	"g__Megamonas"	"s__Megamonas rupellensis"
"txid135083"	"k__Bacteria"	"p__Bacillota"	"c__Negativicutes"	"o__Selenomonadales"	"f__Selenomonadaceae"	"g__Selenomonas"	"s__Selenomonas noxia"
"txid209880"	"k__Bacteria"	"p__Bacillota"	"c__Negativicutes"	"o__Veillonellales"	"f__Veillonellaceae"	"g__Allisonella"	"s__Allisonella histaminiformans"
"txid156456"	"k__Bacteria"	"p__Bacillota"	"c__Negativicutes"	"o__Veillonellales"	"f__Veillonellaceae"	"g__Anaeroglobus"	"s__Anaeroglobus geminatus"
"txid1852378"	"k__Bacteria"	"p__Bacillota"	"c__Negativicutes"	"o__Veillonellales"	"f__Veillonellaceae"	"g__Caecibacter"	"s__Caecibacter massiliensis"
"txid1852379"	"k__Bacteria"	"p__Bacillota"	"c__Negativicutes"	"o__Veillonellales"	"f__Veillonellaceae"	"g__Colibacter"	"s__Colibacter massiliensis"
"txid1122219"	"k__Bacteria"	"p__Bacillota"	"c__Negativicutes"	"o__Veillonellales"	"f__Veillonellaceae"	"g__Megasphaera"	"s__Megasphaera cerevisiae"
"txid1064535"	"k__Bacteria"	"p__Bacillota"	"c__Negativicutes"	"o__Veillonellales"	"f__Veillonellaceae"	"g__Megasphaera"	"s__Megasphaera elsdenii"
"txid1675036"	"k__Bacteria"	"p__Bacillota"	"c__Negativicutes"	"o__Veillonellales"	"f__Veillonellaceae"	"g__Megasphaera"	"s__Megasphaera hexanoica"
"txid879612"	"k__Bacteria"	"p__Bacillota"	"c__Negativicutes"	"o__Veillonellales"	"f__Veillonellaceae"	"g__Megasphaera"	"s__Megasphaera indica"
"txid1232428"	"k__Bacteria"	"p__Bacillota"	"c__Negativicutes"	"o__Veillonellales"	"f__Veillonellaceae"	"g__Megasphaera"	"s__Megasphaera massiliensis"
"txid187326"	"k__Bacteria"	"p__Bacillota"	"c__Negativicutes"	"o__Veillonellales"	"f__Veillonellaceae"	"g__Megasphaera"	"s__Megasphaera micronuciformis"
"txid349095"	"k__Bacteria"	"p__Bacillota"	"c__Negativicutes"	"o__Veillonellales"	"f__Veillonellaceae"	"g__Megasphaera"	"s__Megasphaera paucivorans"
"txid2144175"	"k__Bacteria"	"p__Bacillota"	"c__Negativicutes"	"o__Veillonellales"	"f__Veillonellaceae"	"g__Megasphaera"	"s__Megasphaera stantonii"
"txid349094"	"k__Bacteria"	"p__Bacillota"	"c__Negativicutes"	"o__Veillonellales"	"f__Veillonellaceae"	"g__Megasphaera"	"s__Megasphaera sueciensis"
"txid2045301"	"k__Bacteria"	"p__Bacillota"	"c__Negativicutes"	"o__Veillonellales"	"f__Veillonellaceae"	"g__Megasphaera"	"s__Megasphaera vaginalis (ex Bordigoni et al. 2020)"
"txid1111454"	"k__Bacteria"	"p__Bacillota"	"c__Negativicutes"	"o__Veillonellales"	"f__Veillonellaceae"	"g__Megasphaera"	"s__Megasphaera vaginalis (ex Srinivasan et al. 2021)"
"txid1936062"	"k__Bacteria"	"p__Bacillota"	"c__Negativicutes"	"o__Veillonellales"	"f__Veillonellaceae"	"g__Veillonella"	"s__Veillonella massiliensis"
"txid479436"	"k__Bacteria"	"p__Bacillota"	"c__Negativicutes"	"o__Veillonellales"	"f__Veillonellaceae"	"g__Veillonella"	"s__Veillonella parvula"
"txid423477"	"k__Bacteria"	"p__Bacillota"	"c__Negativicutes"	"o__Veillonellales"	"f__Veillonellaceae"	"g__Veillonella"	"s__Veillonella rogosae"
"txid33033"	"k__Bacteria"	"p__Bacillota"	"c__Tissierellia"	"o__Tissierellales"	"f__Peptoniphilaceae"	"g__Parvimonas"	"s__Parvimonas micra"
"txid85831"	"k__Bacteria"	"p__Bacteroidota"	"c__Bacteroidia"	"o__Bacteroidales"	"f__Bacteroidaceae"	"g__Bacteroides"	"s__Bacteroides acidifaciens"
"txid47678"	"k__Bacteria"	"p__Bacteroidota"	"c__Bacteroidia"	"o__Bacteroidales"	"f__Bacteroidaceae"	"g__Bacteroides"	"s__Bacteroides caccae"
"txid1411144"	"k__Bacteria"	"p__Bacteroidota"	"c__Bacteroidia"	"o__Bacteroidales"	"f__Bacteroidaceae"	"g__Bacteroides"	"s__Bacteroides caecigallinarum"
"txid762984"	"k__Bacteria"	"p__Bacteroidota"	"c__Bacteroidia"	"o__Bacteroidales"	"f__Bacteroidaceae"	"g__Bacteroides"	"s__Bacteroides clarus"
"txid28111"	"k__Bacteria"	"p__Bacteroidota"	"c__Bacteroidia"	"o__Bacteroidales"	"f__Bacteroidaceae"	"g__Bacteroides"	"s__Bacteroides eggerthii"
"txid1236513"	"k__Bacteria"	"p__Bacteroidota"	"c__Bacteroidia"	"o__Bacteroidales"	"f__Bacteroidaceae"	"g__Bacteroides"	"s__Bacteroides faecichinchillae"
"txid1077285"	"k__Bacteria"	"p__Bacteroidota"	"c__Bacteroidia"	"o__Bacteroidales"	"f__Bacteroidaceae"	"g__Bacteroides"	"s__Bacteroides faecis"
"txid338188"	"k__Bacteria"	"p__Bacteroidota"	"c__Bacteroidia"	"o__Bacteroidales"	"f__Bacteroidaceae"	"g__Bacteroides"	"s__Bacteroides finegoldii"
"txid1462571"	"k__Bacteria"	"p__Bacteroidota"	"c__Bacteroidia"	"o__Bacteroidales"	"f__Bacteroidaceae"	"g__Bacteroides"	"s__Bacteroides gallinaceum"
"txid2792859"	"k__Bacteria"	"p__Bacteroidota"	"c__Bacteroidia"	"o__Bacteroidales"	"f__Bacteroidaceae"	"g__Bacteroides"	"s__Bacteroides humanifaecis"
"txid1912896"	"k__Bacteria"	"p__Bacteroidota"	"c__Bacteroidia"	"o__Bacteroidales"	"f__Bacteroidaceae"	"g__Bacteroides"	"s__Bacteroides koreensis"
"txid1841856"	"k__Bacteria"	"p__Bacteroidota"	"c__Bacteroidia"	"o__Bacteroidales"	"f__Bacteroidaceae"	"g__Bacteroides"	"s__Bacteroides mediterraneensis"
"txid28116"	"k__Bacteria"	"p__Bacteroidota"	"c__Bacteroidia"	"o__Bacteroidales"	"f__Bacteroidaceae"	"g__Bacteroides"	"s__Bacteroides ovatus"
"txid1236512"	"k__Bacteria"	"p__Bacteroidota"	"c__Bacteroidia"	"o__Bacteroidales"	"f__Bacteroidaceae"	"g__Bacteroides"	"s__Bacteroides rodentium"
"txid291644"	"k__Bacteria"	"p__Bacteroidota"	"c__Bacteroidia"	"o__Bacteroidales"	"f__Bacteroidaceae"	"g__Bacteroides"	"s__Bacteroides salyersiae"
"txid449673"	"k__Bacteria"	"p__Bacteroidota"	"c__Bacteroidia"	"o__Bacteroidales"	"f__Bacteroidaceae"	"g__Bacteroides"	"s__Bacteroides stercoris"
"txid818"	"k__Bacteria"	"p__Bacteroidota"	"c__Bacteroidia"	"o__Bacteroidales"	"f__Bacteroidaceae"	"g__Bacteroides"	"s__Bacteroides thetaiotaomicron"
"txid820"	"k__Bacteria"	"p__Bacteroidota"	"c__Bacteroidia"	"o__Bacteroidales"	"f__Bacteroidaceae"	"g__Bacteroides"	"s__Bacteroides uniformis"
"txid657309"	"k__Bacteria"	"p__Bacteroidota"	"c__Bacteroidia"	"o__Bacteroidales"	"f__Bacteroidaceae"	"g__Bacteroides"	"s__Bacteroides xylanisolvens"
"txid2650157"	"k__Bacteria"	"p__Bacteroidota"	"c__Bacteroidia"	"o__Bacteroidales"	"f__Bacteroidaceae"	"g__Bacteroides"	"s__Bacteroides zhangwenhongii"
"txid2725562"	"k__Bacteria"	"p__Bacteroidota"	"c__Bacteroidia"	"o__Bacteroidales"	"f__Bacteroidaceae"	"g__Caecibacteroides"	"s__Caecibacteroides pullorum"
"txid1841865"	"k__Bacteria"	"p__Bacteroidota"	"c__Bacteroidia"	"o__Bacteroidales"	"f__Bacteroidaceae"	"g__Mediterranea"	"s__Mediterranea massiliensis"
"txid376804"	"k__Bacteria"	"p__Bacteroidota"	"c__Bacteroidia"	"o__Bacteroidales"	"f__Bacteroidaceae"	"g__Phocaeicola"	"s__Phocaeicola barnesiae"
"txid470145"	"k__Bacteria"	"p__Bacteroidota"	"c__Bacteroidia"	"o__Bacteroidales"	"f__Bacteroidaceae"	"g__Phocaeicola"	"s__Phocaeicola coprocola"
"txid387090"	"k__Bacteria"	"p__Bacteroidota"	"c__Bacteroidia"	"o__Bacteroidales"	"f__Bacteroidaceae"	"g__Phocaeicola"	"s__Phocaeicola coprophilus"
"txid357276"	"k__Bacteria"	"p__Bacteroidota"	"c__Bacteroidia"	"o__Bacteroidales"	"f__Bacteroidaceae"	"g__Phocaeicola"	"s__Phocaeicola dorei"
"txid2786956"	"k__Bacteria"	"p__Bacteroidota"	"c__Bacteroidia"	"o__Bacteroidales"	"f__Bacteroidaceae"	"g__Phocaeicola"	"s__Phocaeicola faecalis"
"txid2739389"	"k__Bacteria"	"p__Bacteroidota"	"c__Bacteroidia"	"o__Bacteroidales"	"f__Bacteroidaceae"	"g__Phocaeicola"	"s__Phocaeicola faecicola"
"txid204516"	"k__Bacteria"	"p__Bacteroidota"	"c__Bacteroidia"	"o__Bacteroidales"	"f__Bacteroidaceae"	"g__Phocaeicola"	"s__Phocaeicola massiliensis"
"txid1236498"	"k__Bacteria"	"p__Bacteroidota"	"c__Bacteroidia"	"o__Bacteroidales"	"f__Bacteroidaceae"	"g__Phocaeicola"	"s__Phocaeicola paurosaccharolyticus"
"txid484018"	"k__Bacteria"	"p__Bacteroidota"	"c__Bacteroidia"	"o__Bacteroidales"	"f__Bacteroidaceae"	"g__Phocaeicola"	"s__Phocaeicola plebeius"
"txid1236538"	"k__Bacteria"	"p__Bacteroidota"	"c__Bacteroidia"	"o__Bacteroidales"	"f__Bacteroidaceae"	"g__Phocaeicola"	"s__Phocaeicola sartorii"
"txid435590"	"k__Bacteria"	"p__Bacteroidota"	"c__Bacteroidia"	"o__Bacteroidales"	"f__Bacteroidaceae"	"g__Phocaeicola"	"s__Phocaeicola vulgatus"
"txid487174"	"k__Bacteria"	"p__Bacteroidota"	"c__Bacteroidia"	"o__Bacteroidales"	"f__Barnesiellaceae"	"g__Barnesiella"	"s__Barnesiella intestinihominis"
"txid397865"	"k__Bacteria"	"p__Bacteroidota"	"c__Bacteroidia"	"o__Bacteroidales"	"f__Barnesiellaceae"	"g__Barnesiella"	"s__Barnesiella viscericola"
"txid1349822"	"k__Bacteria"	"p__Bacteroidota"	"c__Bacteroidia"	"o__Bacteroidales"	"f__Barnesiellaceae"	"g__Coprobacter"	"s__Coprobacter fastidiosus"
"txid2518971"	"k__Bacteria"	"p__Bacteroidota"	"c__Bacteroidia"	"o__Bacteroidales"	"f__Muribaculaceae"	"g__Duncaniella"	"s__Duncaniella dubosii"
"txid2530391"	"k__Bacteria"	"p__Bacteroidota"	"c__Bacteroidia"	"o__Bacteroidales"	"f__Muribaculaceae"	"g__Duncaniella"	"s__Duncaniella freteri"
"txid2094150"	"k__Bacteria"	"p__Bacteroidota"	"c__Bacteroidia"	"o__Bacteroidales"	"f__Muribaculaceae"	"g__Duncaniella"	"s__Duncaniella muris"
"txid2530390"	"k__Bacteria"	"p__Bacteroidota"	"c__Bacteroidia"	"o__Bacteroidales"	"f__Muribaculaceae"	"g__Muribaculum"	"s__Muribaculum gordoncarteri"
"txid1796646"	"k__Bacteria"	"p__Bacteroidota"	"c__Bacteroidia"	"o__Bacteroidales"	"f__Muribaculaceae"	"g__Muribaculum"	"s__Muribaculum intestinale"
"txid2094151"	"k__Bacteria"	"p__Bacteroidota"	"c__Bacteroidia"	"o__Bacteroidales"	"f__Muribaculaceae"	"g__Paramuribaculum"	"s__Paramuribaculum intestinale"
"txid2606626"	"k__Bacteria"	"p__Bacteroidota"	"c__Bacteroidia"	"o__Bacteroidales"	"f__Muribaculaceae"	"g__Sodaliphilus"	"s__Sodaliphilus pleomorphus"
"txid671218"	"k__Bacteria"	"p__Bacteroidota"	"c__Bacteroidia"	"o__Bacteroidales"	"f__Prevotellaceae"	"g__Alloprevotella"	"s__Alloprevotella rava"
"txid76122"	"k__Bacteria"	"p__Bacteroidota"	"c__Bacteroidia"	"o__Bacteroidales"	"f__Prevotellaceae"	"g__Alloprevotella"	"s__Alloprevotella tannerae"
"txid28127"	"k__Bacteria"	"p__Bacteroidota"	"c__Bacteroidia"	"o__Bacteroidales"	"f__Prevotellaceae"	"g__Hoylesella"	"s__Hoylesella buccalis"
"txid76123"	"k__Bacteria"	"p__Bacteroidota"	"c__Bacteroidia"	"o__Bacteroidales"	"f__Prevotellaceae"	"g__Hoylesella"	"s__Hoylesella enoeca"
"txid840"	"k__Bacteria"	"p__Bacteroidota"	"c__Bacteroidia"	"o__Bacteroidales"	"f__Prevotellaceae"	"g__Hoylesella"	"s__Hoylesella loescheii"
"txid189722"	"k__Bacteria"	"p__Bacteroidota"	"c__Bacteroidia"	"o__Bacteroidales"	"f__Prevotellaceae"	"g__Hoylesella"	"s__Hoylesella marshii"
"txid425941"	"k__Bacteria"	"p__Bacteroidota"	"c__Bacteroidia"	"o__Bacteroidales"	"f__Prevotellaceae"	"g__Hoylesella"	"s__Hoylesella nanceiensis"
"txid407975"	"k__Bacteria"	"p__Bacteroidota"	"c__Bacteroidia"	"o__Bacteroidales"	"f__Prevotellaceae"	"g__Hoylesella"	"s__Hoylesella pleuritidis"
"txid228603"	"k__Bacteria"	"p__Bacteroidota"	"c__Bacteroidia"	"o__Bacteroidales"	"f__Prevotellaceae"	"g__Hoylesella"	"s__Hoylesella shahii"
"txid1776379"	"k__Bacteria"	"p__Bacteroidota"	"c__Bacteroidia"	"o__Bacteroidales"	"f__Prevotellaceae"	"g__Leyella"	"s__Leyella lascolaii"
"txid1841864"	"k__Bacteria"	"p__Bacteroidota"	"c__Bacteroidia"	"o__Bacteroidales"	"f__Prevotellaceae"	"g__Marseilla"	"s__Marseilla massiliensis"
"txid1870999"	"k__Bacteria"	"p__Bacteroidota"	"c__Bacteroidia"	"o__Bacteroidales"	"f__Prevotellaceae"	"g__Metaprevotella"	"s__Metaprevotella massiliensis"
"txid454154"	"k__Bacteria"	"p__Bacteroidota"	"c__Bacteroidia"	"o__Bacteroidales"	"f__Prevotellaceae"	"g__Paraprevotella"	"s__Paraprevotella clara"
"txid454155"	"k__Bacteria"	"p__Bacteroidota"	"c__Bacteroidia"	"o__Bacteroidales"	"f__Prevotellaceae"	"g__Paraprevotella"	"s__Paraprevotella xylaniphila"
"txid28128"	"k__Bacteria"	"p__Bacteroidota"	"c__Bacteroidia"	"o__Bacteroidales"	"f__Prevotellaceae"	"g__Prevotella"	"s__Prevotella corporis"
"txid1236509"	"k__Bacteria"	"p__Bacteroidota"	"c__Bacteroidia"	"o__Bacteroidales"	"f__Prevotellaceae"	"g__Prevotella"	"s__Prevotella dentasini"
"txid28129"	"k__Bacteria"	"p__Bacteroidota"	"c__Bacteroidia"	"o__Bacteroidales"	"f__Prevotellaceae"	"g__Prevotella"	"s__Prevotella denticola"
"txid1236517"	"k__Bacteria"	"p__Bacteroidota"	"c__Bacteroidia"	"o__Bacteroidales"	"f__Prevotellaceae"	"g__Prevotella"	"s__Prevotella fusca"
"txid2801997"	"k__Bacteria"	"p__Bacteroidota"	"c__Bacteroidia"	"o__Bacteroidales"	"f__Prevotellaceae"	"g__Prevotella"	"s__Prevotella herbatica"
"txid2800387"	"k__Bacteria"	"p__Bacteroidota"	"c__Bacteroidia"	"o__Bacteroidales"	"f__Prevotellaceae"	"g__Prevotella"	"s__Prevotella illustrans"
"txid1177574"	"k__Bacteria"	"p__Bacteroidota"	"c__Bacteroidia"	"o__Bacteroidales"	"f__Prevotellaceae"	"g__Prevotella"	"s__Prevotella jejuni"
"txid2490854"	"k__Bacteria"	"p__Bacteroidota"	"c__Bacteroidia"	"o__Bacteroidales"	"f__Prevotellaceae"	"g__Prevotella"	"s__Prevotella koreensis"
"txid2854755"	"k__Bacteria"	"p__Bacteroidota"	"c__Bacteroidia"	"o__Bacteroidales"	"f__Prevotellaceae"	"g__Prevotella"	"s__Prevotella lacticifex"
"txid2479840"	"k__Bacteria"	"p__Bacteroidota"	"c__Bacteroidia"	"o__Bacteroidales"	"f__Prevotellaceae"	"g__Prevotella"	"s__Prevotella marseillensis"
"txid1852370"	"k__Bacteria"	"p__Bacteroidota"	"c__Bacteroidia"	"o__Bacteroidales"	"f__Prevotellaceae"	"g__Prevotellamassilia"	"s__Prevotellamassilia timonensis"
"txid305719"	"k__Bacteria"	"p__Bacteroidota"	"c__Bacteroidia"	"o__Bacteroidales"	"f__Prevotellaceae"	"g__Segatella"	"s__Segatella baroniae"
"txid873513"	"k__Bacteria"	"p__Bacteroidota"	"c__Bacteroidia"	"o__Bacteroidales"	"f__Prevotellaceae"	"g__Segatella"	"s__Segatella buccae"
"txid537011"	"k__Bacteria"	"p__Bacteroidota"	"c__Bacteroidia"	"o__Bacteroidales"	"f__Prevotellaceae"	"g__Segatella"	"s__Segatella copri"
"txid2518605"	"k__Bacteria"	"p__Bacteroidota"	"c__Bacteroidia"	"o__Bacteroidales"	"f__Prevotellaceae"	"g__Segatella"	"s__Segatella hominis"
"txid439703"	"k__Bacteria"	"p__Bacteroidota"	"c__Bacteroidia"	"o__Bacteroidales"	"f__Prevotellaceae"	"g__Segatella"	"s__Segatella maculosa"
"txid28135"	"k__Bacteria"	"p__Bacteroidota"	"c__Bacteroidia"	"o__Bacteroidales"	"f__Prevotellaceae"	"g__Segatella"	"s__Segatella oris"
"txid185294"	"k__Bacteria"	"p__Bacteroidota"	"c__Bacteroidia"	"o__Bacteroidales"	"f__Prevotellaceae"	"g__Segatella"	"s__Segatella paludivivens"
"txid915438"	"k__Bacteria"	"p__Bacteroidota"	"c__Bacteroidia"	"o__Bacteroidales"	"f__Prevotellaceae"	"g__Xylanibacter"	"s__Xylanibacter oryzae"
"txid1676614"	"k__Bacteria"	"p__Bacteroidota"	"c__Bacteroidia"	"o__Bacteroidales"	"f__Prevotellaceae"	"g__Xylanibacter"	"s__Xylanibacter rarus"
"txid2585119"	"k__Bacteria"	"p__Bacteroidota"	"c__Bacteroidia"	"o__Bacteroidales"	"f__Rikenellaceae"	"g__Alistipes"	"s__Alistipes dispar"
"txid328813"	"k__Bacteria"	"p__Bacteroidota"	"c__Bacteroidia"	"o__Bacteroidales"	"f__Rikenellaceae"	"g__Alistipes"	"s__Alistipes onderdonkii"
"txid328814"	"k__Bacteria"	"p__Bacteroidota"	"c__Bacteroidia"	"o__Bacteroidales"	"f__Rikenellaceae"	"g__Alistipes"	"s__Alistipes shahii"
"txid2290935"	"k__Bacteria"	"p__Bacteroidota"	"c__Bacteroidia"	"o__Bacteroidales"	"f__Tannerellaceae"	"g__Parabacteroides"	"s__Parabacteroides acidifaciens"
"txid871327"	"k__Bacteria"	"p__Bacteroidota"	"c__Bacteroidia"	"o__Bacteroidales"	"f__Tannerellaceae"	"g__Parabacteroides"	"s__Parabacteroides chinchillae"
"txid2685834"	"k__Bacteria"	"p__Bacteroidota"	"c__Bacteroidia"	"o__Bacteroidales"	"f__Tannerellaceae"	"g__Parabacteroides"	"s__Parabacteroides chongii"
"txid823"	"k__Bacteria"	"p__Bacteroidota"	"c__Bacteroidia"	"o__Bacteroidales"	"f__Tannerellaceae"	"g__Parabacteroides"	"s__Parabacteroides distasonis"
"txid387661"	"k__Bacteria"	"p__Bacteroidota"	"c__Bacteroidia"	"o__Bacteroidales"	"f__Tannerellaceae"	"g__Parabacteroides"	"s__Parabacteroides johnsonii"
"txid46503"	"k__Bacteria"	"p__Bacteroidota"	"c__Bacteroidia"	"o__Bacteroidales"	"f__Tannerellaceae"	"g__Parabacteroides"	"s__Parabacteroides merdae"
"txid203"	"k__Bacteria"	"p__Campylobacterota"	"c__Epsilonproteobacteria"	"o__Campylobacterales"	"f__Campylobacteraceae"	"g__Campylobacter"	"s__Campylobacter rectus"
"txid204"	"k__Bacteria"	"p__Campylobacterota"	"c__Epsilonproteobacteria"	"o__Campylobacterales"	"f__Campylobacteraceae"	"g__Campylobacter"	"s__Campylobacter showae"
"txid134605"	"k__Bacteria"	"p__Fusobacteriota"	"c__Fusobacteriia"	"o__Fusobacteriales"	"f__Fusobacteriaceae"	"g__Fusobacterium"	"s__Fusobacterium equinum"
"txid1755100"	"k__Bacteria"	"p__Fusobacteriota"	"c__Fusobacteriia"	"o__Fusobacteriales"	"f__Fusobacteriaceae"	"g__Fusobacterium"	"s__Fusobacterium gastrosuis"
"txid1852365"	"k__Bacteria"	"p__Fusobacteriota"	"c__Fusobacteriia"	"o__Fusobacteriales"	"f__Fusobacteriaceae"	"g__Fusobacterium"	"s__Fusobacterium massiliense"
"txid850"	"k__Bacteria"	"p__Fusobacteriota"	"c__Fusobacteriia"	"o__Fusobacteriales"	"f__Fusobacteriaceae"	"g__Fusobacterium"	"s__Fusobacterium mortiferum"
"txid859"	"k__Bacteria"	"p__Fusobacteriota"	"c__Fusobacteriia"	"o__Fusobacteriales"	"f__Fusobacteriaceae"	"g__Fusobacterium"	"s__Fusobacterium necrophorum"
"txid852"	"k__Bacteria"	"p__Fusobacteriota"	"c__Fusobacteriia"	"o__Fusobacteriales"	"f__Fusobacteriaceae"	"g__Fusobacterium"	"s__Fusobacterium perfoetens"
"txid856"	"k__Bacteria"	"p__Fusobacteriota"	"c__Fusobacteriia"	"o__Fusobacteriales"	"f__Fusobacteriaceae"	"g__Fusobacterium"	"s__Fusobacterium varium"
"txid1196653"	"k__Bacteria"	"p__Fusobacteriota"	"c__Fusobacteriia"	"o__Fusobacteriales"	"f__Fusobacteriaceae"	"g__Fusobacterium"	"s__Fusobacterium vincentii"
"txid109328"	"k__Bacteria"	"p__Fusobacteriota"	"c__Fusobacteriia"	"o__Fusobacteriales"	"f__Leptotrichiaceae"	"g__Leptotrichia"	"s__Leptotrichia trevisanii"
"txid2153"	"k__Bacteria"	"p__Mycoplasmatota"	"c__Mollicutes"	"o__Anaeroplasmatales"	"f__Anaeroplasmataceae"	"g__Asteroleplasma"	"s__Asteroleplasma anaerobium"
"txid1631957"	"k__Bacteria"	"p__Pseudomonadota"	"c__Betaproteobacteria"	"o__Burkholderiales"	"f__Alcaligenaceae"	"g__Pelistega"	"s__Pelistega suis"
"txid491919"	"k__Bacteria"	"p__Pseudomonadota"	"c__Betaproteobacteria"	"o__Burkholderiales"	"f__Comamonadaceae"	"g__Brachymonas"	"s__Brachymonas chironomi"
"txid1852381"	"k__Bacteria"	"p__Pseudomonadota"	"c__Betaproteobacteria"	"o__Burkholderiales"	"f__Sutterellaceae"	"g__Duodenibacillus"	"s__Duodenibacillus massiliensis"
"txid2584944"	"k__Bacteria"	"p__Pseudomonadota"	"c__Betaproteobacteria"	"o__Burkholderiales"	"f__Sutterellaceae"	"g__Sutterella"	"s__Sutterella faecalis"
"txid1944635"	"k__Bacteria"	"p__Pseudomonadota"	"c__Betaproteobacteria"	"o__Burkholderiales"	"f__Sutterellaceae"	"g__Sutterella"	"s__Sutterella seckii"
"txid40545"	"k__Bacteria"	"p__Pseudomonadota"	"c__Betaproteobacteria"	"o__Burkholderiales"	"f__Sutterellaceae"	"g__Sutterella"	"s__Sutterella wadsworthensis"
"txid887327"	"k__Bacteria"	"p__Pseudomonadota"	"c__Betaproteobacteria"	"o__Neisseriales"	"f__Neisseriaceae"	"g__Kingella"	"s__Kingella kingae"
"txid90367"	"k__Bacteria"	"p__Pseudomonadota"	"c__Betaproteobacteria"	"o__Neisseriales"	"f__Neisseriaceae"	"g__Neisseria"	"s__Neisseria elongata"
"txid1107316"	"k__Bacteria"	"p__Pseudomonadota"	"c__Betaproteobacteria"	"o__Neisseriales"	"f__Neisseriaceae"	"g__Neisseria"	"s__Neisseria oralis"
"txid33053"	"k__Bacteria"	"p__Pseudomonadota"	"c__Betaproteobacteria"	"o__Neisseriales"	"f__Neisseriaceae"	"g__Neisseria"	"s__Neisseria perflava"
"txid13335"	"k__Bacteria"	"p__Pseudomonadota"	"c__Gammaproteobacteria"	"o__Aeromonadales"	"f__Succinivibrionaceae"	"g__Anaerobiospirillum"	"s__Anaerobiospirillum succiniciproducens"
"txid179995"	"k__Bacteria"	"p__Pseudomonadota"	"c__Gammaproteobacteria"	"o__Aeromonadales"	"f__Succinivibrionaceae"	"g__Anaerobiospirillum"	"s__Anaerobiospirillum thomasii"
"txid762983"	"k__Bacteria"	"p__Pseudomonadota"	"c__Gammaproteobacteria"	"o__Aeromonadales"	"f__Succinivibrionaceae"	"g__Succinatimonas"	"s__Succinatimonas hippei"
"txid83771"	"k__Bacteria"	"p__Pseudomonadota"	"c__Gammaproteobacteria"	"o__Aeromonadales"	"f__Succinivibrionaceae"	"g__Succinivibrio"	"s__Succinivibrio dextrinosolvens"
"txid565"	"k__Bacteria"	"p__Pseudomonadota"	"c__Gammaproteobacteria"	"o__Enterobacterales"	"f__Enterobacteriaceae"	"g__Atlantibacter"	"s__Atlantibacter hermannii"
"txid61645"	"k__Bacteria"	"p__Pseudomonadota"	"c__Gammaproteobacteria"	"o__Enterobacterales"	"f__Enterobacteriaceae"	"g__Enterobacter"	"s__Enterobacter asburiae"
"txid550"	"k__Bacteria"	"p__Pseudomonadota"	"c__Gammaproteobacteria"	"o__Enterobacterales"	"f__Enterobacteriaceae"	"g__Enterobacter"	"s__Enterobacter cloacae"
"txid539813"	"k__Bacteria"	"p__Pseudomonadota"	"c__Gammaproteobacteria"	"o__Enterobacterales"	"f__Enterobacteriaceae"	"g__Enterobacter"	"s__Enterobacter mori"
"txid2529382"	"k__Bacteria"	"p__Pseudomonadota"	"c__Gammaproteobacteria"	"o__Enterobacterales"	"f__Enterobacteriaceae"	"g__Enterobacter"	"s__Enterobacter quasihormaechei"
"txid2497436"	"k__Bacteria"	"p__Pseudomonadota"	"c__Gammaproteobacteria"	"o__Enterobacterales"	"f__Enterobacteriaceae"	"g__Enterobacter"	"s__Enterobacter quasiroggenkampii"
"txid2529381"	"k__Bacteria"	"p__Pseudomonadota"	"c__Gammaproteobacteria"	"o__Enterobacterales"	"f__Enterobacteriaceae"	"g__Enterobacter"	"s__Enterobacter wuhouensis"
"txid208962"	"k__Bacteria"	"p__Pseudomonadota"	"c__Gammaproteobacteria"	"o__Enterobacterales"	"f__Enterobacteriaceae"	"g__Escherichia"	"s__Escherichia albertii"
"txid562"	"k__Bacteria"	"p__Pseudomonadota"	"c__Gammaproteobacteria"	"o__Enterobacterales"	"f__Enterobacteriaceae"	"g__Escherichia"	"s__Escherichia coli"
"txid585054"	"k__Bacteria"	"p__Pseudomonadota"	"c__Gammaproteobacteria"	"o__Enterobacterales"	"f__Enterobacteriaceae"	"g__Escherichia"	"s__Escherichia fergusonii"
"txid1499973"	"k__Bacteria"	"p__Pseudomonadota"	"c__Gammaproteobacteria"	"o__Enterobacterales"	"f__Enterobacteriaceae"	"g__Escherichia"	"s__Escherichia marmotae"
"txid2899544"	"k__Bacteria"	"p__Pseudomonadota"	"c__Gammaproteobacteria"	"o__Enterobacterales"	"f__Enterobacteriaceae"	"g__Intestinirhabdus"	"s__Intestinirhabdus alba"
"txid566"	"k__Bacteria"	"p__Pseudomonadota"	"c__Gammaproteobacteria"	"o__Enterobacterales"	"f__Enterobacteriaceae"	"g__Pseudescherichia"	"s__Pseudescherichia vulneris"
"txid90370"	"k__Bacteria"	"p__Pseudomonadota"	"c__Gammaproteobacteria"	"o__Enterobacterales"	"f__Enterobacteriaceae"	"g__Salmonella"	"s__Salmonella enterica"
"txid621"	"k__Bacteria"	"p__Pseudomonadota"	"c__Gammaproteobacteria"	"o__Enterobacterales"	"f__Enterobacteriaceae"	"g__Shigella"	"s__Shigella boydii"
"txid622"	"k__Bacteria"	"p__Pseudomonadota"	"c__Gammaproteobacteria"	"o__Enterobacterales"	"f__Enterobacteriaceae"	"g__Shigella"	"s__Shigella dysenteriae"
"txid623"	"k__Bacteria"	"p__Pseudomonadota"	"c__Gammaproteobacteria"	"o__Enterobacterales"	"f__Enterobacteriaceae"	"g__Shigella"	"s__Shigella flexneri"
"txid624"	"k__Bacteria"	"p__Pseudomonadota"	"c__Gammaproteobacteria"	"o__Enterobacterales"	"f__Enterobacteriaceae"	"g__Shigella"	"s__Shigella sonnei"
"txid584"	"k__Bacteria"	"p__Pseudomonadota"	"c__Gammaproteobacteria"	"o__Enterobacterales"	"f__Morganellaceae"	"g__Proteus"	"s__Proteus mirabilis"
"txid717"	"k__Bacteria"	"p__Pseudomonadota"	"c__Gammaproteobacteria"	"o__Pasteurellales"	"f__Pasteurellaceae"	"g__Actinobacillus"	"s__Actinobacillus capsulatus"
"txid714"	"k__Bacteria"	"p__Pseudomonadota"	"c__Gammaproteobacteria"	"o__Pasteurellales"	"f__Pasteurellaceae"	"g__Aggregatibacter"	"s__Aggregatibacter actinomycetemcomitans"
"txid985008"	"k__Bacteria"	"p__Pseudomonadota"	"c__Gammaproteobacteria"	"o__Pasteurellales"	"f__Pasteurellaceae"	"g__Aggregatibacter"	"s__Aggregatibacter aphrophilus"
"txid2025884"	"k__Bacteria"	"p__Pseudomonadota"	"c__Gammaproteobacteria"	"o__Pasteurellales"	"f__Pasteurellaceae"	"g__Aggregatibacter"	"s__Aggregatibacter kilianii"
"txid47735"	"k__Bacteria"	"p__Pseudomonadota"	"c__Gammaproteobacteria"	"o__Pasteurellales"	"f__Pasteurellaceae"	"g__Bibersteinia"	"s__Bibersteinia trehalosi"
"txid733"	"k__Bacteria"	"p__Pseudomonadota"	"c__Gammaproteobacteria"	"o__Pasteurellales"	"f__Pasteurellaceae"	"g__Canicola"	"s__Canicola haemoglobinophilus"
"txid738"	"k__Bacteria"	"p__Pseudomonadota"	"c__Gammaproteobacteria"	"o__Pasteurellales"	"f__Pasteurellaceae"	"g__Glaesserella"	"s__Glaesserella parasuis"
"txid1461579"	"k__Bacteria"	"p__Pseudomonadota"	"c__Gammaproteobacteria"	"o__Pasteurellales"	"f__Pasteurellaceae"	"g__Haemophilus"	"s__Haemophilus massiliensis"
"txid736"	"k__Bacteria"	"p__Pseudomonadota"	"c__Gammaproteobacteria"	"o__Pasteurellales"	"f__Pasteurellaceae"	"g__Haemophilus"	"s__Haemophilus paraphrohaemolyticus"
"txid85401"	"k__Bacteria"	"p__Pseudomonadota"	"c__Gammaproteobacteria"	"o__Pasteurellales"	"f__Pasteurellaceae"	"g__Mannheimia"	"s__Mannheimia glucosida"
"txid85402"	"k__Bacteria"	"p__Pseudomonadota"	"c__Gammaproteobacteria"	"o__Pasteurellales"	"f__Pasteurellaceae"	"g__Mannheimia"	"s__Mannheimia granulomatis"
"txid85403"	"k__Bacteria"	"p__Pseudomonadota"	"c__Gammaproteobacteria"	"o__Pasteurellales"	"f__Pasteurellaceae"	"g__Mannheimia"	"s__Mannheimia ruminalis"
"txid115545"	"k__Bacteria"	"p__Pseudomonadota"	"c__Gammaproteobacteria"	"o__Pasteurellales"	"f__Pasteurellaceae"	"g__Pasteurella"	"s__Pasteurella multocida"
"txid749"	"k__Bacteria"	"p__Pseudomonadota"	"c__Gammaproteobacteria"	"o__Pasteurellales"	"f__Pasteurellaceae"	"g__"	"s__Pasteurella aerogenes"
"txid2316085"	"k__Bacteria"	"p__Pseudomonadota"	"c__Gammaproteobacteria"	"o__Pseudomonadales"	"f__Pseudomonadaceae"	"g__Pseudomonas"	"s__Pseudomonas bubulae"
"txid296"	"k__Bacteria"	"p__Pseudomonadota"	"c__Gammaproteobacteria"	"o__Pseudomonadales"	"f__Pseudomonadaceae"	"g__Pseudomonas"	"s__Pseudomonas fragi"
